Workbook

Sheet result
A1: Trial | B1: PersonaType | C1: Age | D1: Gender | E1: DialogueFile | F1: PersonaSwitch | G1: HasName | H1: Q1 | I1: Q2 | J1: Q3 | K1: Q4 | L1: Q5 | M1: Q6 | N1: Q7 | O1: Q8 | P1: Q10 | Q1: Q11 | R1: Q12 | S1: Q13 | T1: Q14 | U1: Q15 | V1: Q16 | W1: Q17 | X1: Q18 | Y1: Q19 | Z1: Q20
A2: 0 | B2: SRIHT | C2: 70-79 | D2: Female | E2: ItoI_noname.txt | F2: なし | G2: なし | H2: 2 | I2: 2 | J2: 1 | K2: 1 | L2: 3 | M2: 2 | N2: 2 | O2: 1 | P2: 2 | Q2: 3 | R2: 1 | S2: 1 | T2: 2 | U2: 1 | V2: 3 | W2: 2 | X2: 2 | Y2: 1 | Z2: 1
A3: 1 | B3: SRIHT | C3: 40-49 | D3: Male | E3: ItoE_noname.txt | F3: あり | G3: なし | H3: 3 | I3: 2 | J3: 1 | K3: 0 | L3: 3 | M3: 1 | N3: 2 | O3: 1 | P3: 1 | Q3: 2 | R3: 0 | S3: 1 | T3: 4 | U3: 0 | V3: 2 | W3: 1 | X3: 2 | Y3: 0 | Z3: 0
A4: 2 | B4: SRIHT | C4: 60-69 | D4: Female | E4: ItoI_name.txt | F4: なし | G4: あり | H4: 2 | I4: 2 | J4: 0 | K4: 0 | L4: 1 | M4: 1 | N4: 2 | O4: 0 | P4: 0 | Q4: 2 | R4: 0 | S4: 0 | T4: 2 | U4: 0 | V4: 1 | W4: 0 | X4: 1 | Y4: 0 | Z4: 1
A5: 3 | B5: SRIHT | C5: 20-29 | D5: Male | E5: ItoI_name.txt | F5: なし | G5: あり | H5: 3 | I5: 2 | J5: 1 | K5: 0 | L5: 2 | M5: 1 | N5: 4 | O5: 0 | P5: 1 | Q5: 4 | R5: 0 | S5: 0 | T5: 3 | U5: 1 | V5: 2 | W5: 1 | X5: 4 | Y5: 0 | Z5: 2
A6: 4 | B6: SRIHT | C6: 20-29 | D6: Male | E6: ItoE_noname.txt | F6: あり | G6: なし | H6: 3 | I6: 2 | J6: 1 | K6: 0 | L6: 3 | M6: 2 | N6: 3 | O6: 0 | P6: 1 | Q6: 3 | R6: 0 | S6: 1 | T6: 5 | U6: 1 | V6: 4 | W6: 2 | X6: 2 | Y6: 0 | Z6: 1
A7: 5 | B7: SRIHT | C7: 40-49 | D7: Male | E7: ItoI_name.txt | F7: なし | G7: あり | H7: 3 | I7: 1 | J7: 1 | K7: 0 | L7: 3 | M7: 2 | N7: 2 | O7: 0 | P7: 1 | Q7: 2 | R7: 0 | S7: 1 | T7: 3 | U7: 1 | V7: 2 | W7: 1 | X7: 2 | Y7: 0 | Z7: 1
A8: 6 | B8: SRIHT | C8: 30-39 | D8: Male | E8: ItoE_name.txt | F8: あり | G8: あり | H8: 2 | I8: 1 | J8: 0 | K8: 0 | L8: 0 | M8: 0 | N8: 3 | O8: 0 | P8: 0 | Q8: 1 | R8: 0 | S8: 0 | T8: 1 | U8: 0 | V8: 1 | W8: 0 | X8: 1 | Y8: 0 | Z8: 1
A9: 7 | B9: SRIHT | C9: 40-49 | D9: Male | E9: ItoI_noname.txt | F9: なし | G9: なし | H9: 3 | I9: 2 | J9: 0 | K9: 0 | L9: 1 | M9: 1 | N9: 3 | O9: 0 | P9: 0 | Q9: 4 | R9: 0 | S9: 0 | T9: 2 | U9: 0 | V9: 2 | W9: 0 | X9: 2 | Y9: 0 | Z9: 1
A10: 8 | B10: SRIHT | C10: 20-29 | D10: Male | E10: ItoI_name.txt | F10: なし | G10: あり | H10: 3 | I10: 2 | J10: 1 | K10: 0 | L10: 2 | M10: 2 | N10: 3 | O10: 0 | P10: 1 | Q10: 4 | R10: 0 | S10: 0 | T10: 2 | U10: 1 | V10: 3 | W10: 1 | X10: 2 | Y10: 0 | Z10: 1
A11: 9 | B11: SRIHT | C11: 30-39 | D11: Male | E11: ItoE_noname.txt | F11: あり | G11: なし | H11: 3 | I11: 2 | J11: 0 | K11: 0 | L11: 2 | M11: 1 | N11: 2 | O11: 0 | P11: 1 | Q11: 3 | R11: 0 | S11: 0 | T11: 3 | U11: 0 | V11: 2 | W11: 1 | X11: 1 | Y11: 0 | Z11: 1
A12: 10 | B12: SRIHT | C12: 50-59 | D12: Female | E12: ItoI_noname.txt | F12: なし | G12: なし | H12: 5 | I12: 3 | J12: 1 | K12: 0 | L12: 3 | M12: 1 | N12: 2 | O12: 1 | P12: 1 | Q12: 2 | R12: 0 | S12: 1 | T12: 5 | U12: 1 | V12: 3 | W12: 1 | X12: 2 | Y12: 0 | Z12: 1
A13: 11 | B13: SRIHT | C13: 30-39 | D13: Male | E13: ItoI_name.txt | F13: なし | G13: あり | H13: 4 | I13: 3 | J13: 1 | K13: 0 | L13: 2 | M13: 3 | N13: 4 | O13: 1 | P13: 1 | Q13: 4 | R13: 0 | S13: 1 | T13: 3 | U13: 1 | V13: 4 | W13: 1 | X13: 3 | Y13: 0 | Z13: 1
... A163: 160 | B163: SRIHT | C163: 20-29 | D163: Male | E163: ItoE_noname.txt | F163: あり | G163: なし | H163: 2 | I163: 2 | J163: 1 | K163: 0 | L163: 2 | M163: 2 | N163: 3 | O163: 1 | P163: 2 | Q163: 4 | R163: 0 | S163: 0 | T163: 4 | U163: 1 | V163: 3 | W163: 1 | X163: 2 | Y163: 0 | Z163: 1

Sheet Sheet1
A1: 質問 | B1: PersonaSwitch=あり,HasName=あり | C1: PersonaSwitch=あり,HasName=なし | D1: PersonaSwitch=なし,HasName=なし | E1: PersonaSwitch=なし,HasName=あり
A2: =result!H1 -> Q1 | B2: =AVERAGEIFS(result!H$2:'result'!H$163,result!$F$2:'result'!$F$163,"あり",result!$G$2:'result'!$G$163,"あり") -> 3.2857143 | C2: =AVERAGEIFS(result!H$2:'result'!H$163,result!$F$2:'result'!$F$163,"あり",result!$G$2:'result'!$G$163,"なし") -> 3.4 | D2: =AVERAGEIFS(result!H$2:'result'!H$163,result!$F$2:'result'!$F$163,"なし",result!$G$2:'result'!$G$163,"なし") -> 2.9714286 | E2: =AVERAGEIFS(result!H$2:'result'!H$163,result!$F$2:'result'!$F$163,"なし",result!$G$2:'result'!$G$163,"あり") -> 3.2982456
A3: =result!I1 -> Q2 | B3: =AVERAGEIFS(result!I$2:'result'!I$163,result!$F$2:'result'!$F$163,"あり",result!$G$2:'result'!$G$163,"あり") -> 2.2571429 | C3: =AVERAGEIFS(result!I$2:'result'!I$163,result!$F$2:'result'!$F$163,"あり",result!$G$2:'result'!$G$163,"なし") -> 2.4 | D3: =AVERAGEIFS(result!I$2:'result'!I$163,result!$F$2:'result'!$F$163,"なし",result!$G$2:'result'!$G$163,"なし") -> 1.9714286 | E3: =AVERAGEIFS(result!I$2:'result'!I$163,result!$F$2:'result'!$F$163,"なし",result!$G$2:'result'!$G$163,"あり") -> 2.1754386
A4: =result!J1 -> Q3 | B4: =AVERAGEIFS(result!J$2:'result'!J$163,result!$F$2:'result'!$F$163,"あり",result!$G$2:'result'!$G$163,"あり") -> 1.0857143 | C4: =AVERAGEIFS(result!J$2:'result'!J$163,result!$F$2:'result'!$F$163,"あり",result!$G$2:'result'!$G$163,"なし") -> 1.0285714 | D4: =AVERAGEIFS(result!J$2:'result'!J$163,result!$F$2:'result'!$F$163,"なし",result!$G$2:'result'!$G$163,"なし") -> 0.91428571 | E4: =AVERAGEIFS(result!J$2:'result'!J$163,result!$F$2:'result'!$F$163,"なし",result!$G$2:'result'!$G$163,"あり") -> 0.92982456
A5: =result!K1 -> Q4 | B5: =AVERAGEIFS(result!K$2:'result'!K$163,result!$F$2:'result'!$F$163,"あり",result!$G$2:'result'!$G$163,"あり") -> 0.14285714 | C5: =AVERAGEIFS(result!K$2:'result'!K$163,result!$F$2:'result'!$F$163,"あり",result!$G$2:'result'!$G$163,"なし") -> 0.25714286 | D5: =AVERAGEIFS(result!K$2:'result'!K$163,result!$F$2:'result'!$F$163,"なし",result!$G$2:'result'!$G$163,"なし") -> 0.057142857 | E5: =AVERAGEIFS(result!K$2:'result'!K$163,result!$F$2:'result'!$F$163,"なし",result!$G$2:'result'!$G$163,"あり") -> 0.087719298
A6: =result!L1 -> Q5 | B6: =AVERAGEIFS(result!L$2:'result'!L$163,result!$F$2:'result'!$F$163,"あり",result!$G$2:'result'!$G$163,"あり") -> 2.6571429 | C6: =AVERAGEIFS(result!L$2:'result'!L$163,result!$F$2:'result'!$F$163,"あり",result!$G$2:'result'!$G$163,"なし") -> 2.5428571 | D6: =AVERAGEIFS(result!L$2:'result'!L$163,result!$F$2:'result'!$F$163,"なし",result!$G$2:'result'!$G$163,"なし") -> 2.3714286 | E6: =AVERAGEIFS(result!L$2:'result'!L$163,result!$F$2:'result'!$F$163,"なし",result!$G$2:'result'!$G$163,"あり") -> 2.3684211
A7: =result!M1 -> Q6 | B7: =AVERAGEIFS(result!M$2:'result'!M$163,result!$F$2:'result'!$F$163,"あり",result!$G$2:'result'!$G$163,"あり") -> 1.5142857 | C7: =AVERAGEIFS(result!M$2:'result'!M$163,result!$F$2:'result'!$F$163,"あり",result!$G$2:'result'!$G$163,"なし") -> 1.6285714 | D7: =AVERAGEIFS(result!M$2:'result'!M$163,result!$F$2:'result'!$F$163,"なし",result!$G$2:'result'!$G$163,"なし") -> 1.4 | E7: =AVERAGEIFS(result!M$2:'result'!M$163,result!$F$2:'result'!$F$163,"なし",result!$G$2:'result'!$G$163,"あり") -> 1.5789474
A8: =result!N1 -> Q7 | B8: =AVERAGEIFS(result!N$2:'result'!N$163,result!$F$2:'result'!$F$163,"あり",result!$G$2:'result'!$G$163,"あり") -> 4.8 | C8: =AVERAGEIFS(result!N$2:'result'!N$163,result!$F$2:'result'!$F$163,"あり",result!$G$2:'result'!$G$163,"なし") -> 2.9142857 | D8: =AVERAGEIFS(result!N$2:'result'!N$163,result!$F$2:'result'!$F$163,"なし",result!$G$2:'result'!$G$163,"なし") -> 2.4285714 | E8: =AVERAGEIFS(result!N$2:'result'!N$163,result!$F$2:'result'!$F$163,"なし",result!$G$2:'result'!$G$163,"あり") -> 2.9824561
A9: =result!O1 -> Q8 | B9: =AVERAGEIFS(result!O$2:'result'!O$163,result!$F$2:'result'!$F$163,"あり",result!$G$2:'result'!$G$163,"あり") -> 0.74285714 | C9: =AVERAGEIFS(result!O$2:'result'!O$163,result!$F$2:'result'!$F$163,"あり",result!$G$2:'result'!$G$163,"なし") -> 0.71428571 | D9: =AVERAGEIFS(result!O$2:'result'!O$163,result!$F$2:'result'!$F$163,"なし",result!$G$2:'result'!$G$163,"なし") -> 0.57142857 | E9: =AVERAGEIFS(result!O$2:'result'!O$163,result!$F$2:'result'!$F$163,"なし",result!$G$2:'result'!$G$163,"あり") -> 0.49122807
A10: =result!P1 -> Q10 | B10: =AVERAGEIFS(result!P$2:'result'!P$163,result!$F$2:'result'!$F$163,"あり",result!$G$2:'result'!$G$163,"あり") -> 1.4285714 | C10: =AVERAGEIFS(result!P$2:'result'!P$163,result!$F$2:'result'!$F$163,"あり",result!$G$2:'result'!$G$163,"なし") -> 1.2285714 | D10: =AVERAGEIFS(result!P$2:'result'!P$163,result!$F$2:'result'!$F$163,"なし",result!$G$2:'result'!$G$163,"なし") -> 1.0857143 | E10: =AVERAGEIFS(result!P$2:'result'!P$163,result!$F$2:'result'!$F$163,"なし",result!$G$2:'result'!$G$163,"あり") -> 1.0701754
A11: =result!Q1 -> Q11 | B11: =AVERAGEIFS(result!Q$2:'result'!Q$163,result!$F$2:'result'!$F$163,"あり",result!$G$2:'result'!$G$163,"あり") -> 3.3714286 | C11: =AVERAGEIFS(result!Q$2:'result'!Q$163,result!$F$2:'result'!$F$163,"あり",result!$G$2:'result'!$G$163,"なし") -> 3.4285714 | D11: =AVERAGEIFS(result!Q$2:'result'!Q$163,result!$F$2:'result'!$F$163,"なし",result!$G$2:'result'!$G$163,"なし") -> 3.3428571 | E11: =AVERAGEIFS(result!Q$2:'result'!Q$163,result!$F$2:'result'!$F$163,"なし",result!$G$2:'result'!$G$163,"あり") -> 3.3684211
A12: =result!R1 -> Q12 | B12: =AVERAGEIFS(result!R$2:'result'!R$163,result!$F$2:'result'!$F$163,"あり",result!$G$2:'result'!$G$163,"あり") -> 0.17142857 | C12: =AVERAGEIFS(result!R$2:'result'!R$163,result!$F$2:'result'!$F$163,"あり",result!$G$2:'result'!$G$163,"なし") -> 0.25714286 | D12: =AVERAGEIFS(result!R$2:'result'!R$163,result!$F$2:'result'!$F$163,"なし",result!$G$2:'result'!$G$163,"なし") -> 0.085714286 | E12: =AVERAGEIFS(result!R$2:'result'!R$163,result!$F$2:'result'!$F$163,"なし",result!$G$2:'result'!$G$163,"あり") -> 0.087719298
A13: =result!S1 -> Q13 | B13: =AVERAGEIFS(result!S$2:'result'!S$163,result!$F$2:'result'!$F$163,"あり",result!$G$2:'result'!$G$163,"あり") -> 0.94285714 | C13: =AVERAGEIFS(result!S$2:'result'!S$163,result!$F$2:'result'!$F$163,"あり",result!$G$2:'result'!$G$163,"なし") -> 0.82857143 | D13: =AVERAGEIFS(result!S$2:'result'!S$163,result!$F$2:'result'!$F$163,"なし",result!$G$2:'result'!$G$163,"なし") -> 0.82857143 | E13: =AVERAGEIFS(result!S$2:'result'!S$163,result!$F$2:'result'!$F$163,"なし",result!$G$2:'result'!$G$163,"あり") -> 0.71929825
A14: =result!T1 -> Q14 | B14: =AVERAGEIFS(result!T$2:'result'!T$163,result!$F$2:'result'!$F$163,"あり",result!$G$2:'result'!$G$163,"あり") -> 3.2 | C14: =AVERAGEIFS(result!T$2:'result'!T$163,result!$F$2:'result'!$F$163,"あり",result!$G$2:'result'!$G$163,"なし") -> 3.4 | D14: =AVERAGEIFS(result!T$2:'result'!T$163,result!$F$2:'result'!$F$163,"なし",result!$G$2:'result'!$G$163,"なし") -> 3.2857143 | E14: =AVERAGEIFS(result!T$2:'result'!T$163,result!$F$2:'result'!$F$163,"なし",result!$G$2:'result'!$G$163,"あり") -> 3.4561404
A15: =result!U1 -> Q15 | B15: =AVERAGEIFS(result!U$2:'result'!U$163,result!$F$2:'result'!$F$163,"あり",result!$G$2:'result'!$G$163,"あり") -> 0.97142857 | C15: =AVERAGEIFS(result!U$2:'result'!U$163,result!$F$2:'result'!$F$163,"あり",result!$G$2:'result'!$G$163,"なし") -> 0.77142857 | D15: =AVERAGEIFS(result!U$2:'result'!U$163,result!$F$2:'result'!$F$163,"なし",result!$G$2:'result'!$G$163,"なし") -> 0.62857143 | E15: =AVERAGEIFS(result!U$2:'result'!U$163,result!$F$2:'result'!$F$163,"なし",result!$G$2:'result'!$G$163,"あり") -> 0.8245614
A16: =result!V1 -> Q16 | B16: =AVERAGEIFS(result!V$2:'result'!V$163,result!$F$2:'result'!$F$163,"あり",result!$G$2:'result'!$G$163,"あり") -> 3.0285714 | C16: =AVERAGEIFS(result!V$2:'result'!V$163,result!$F$2:'result'!$F$163,"あり",result!$G$2:'result'!$G$163,"なし") -> 2.6285714 | D16: =AVERAGEIFS(result!V$2:'result'!V$163,result!$F$2:'result'!$F$163,"なし",result!$G$2:'result'!$G$163,"なし") -> 2.4 | E16: =AVERAGEIFS(result!V$2:'result'!V$163,result!$F$2:'result'!$F$163,"なし",result!$G$2:'result'!$G$163,"あり") -> 2.5964912
A17: =result!W1 -> Q17 | B17: =AVERAGEIFS(result!W$2:'result'!W$163,result!$F$2:'result'!$F$163,"あり",result!$G$2:'result'!$G$163,"あり") -> 1.1714286 | C17: =AVERAGEIFS(result!W$2:'result'!W$163,result!$F$2:'result'!$F$163,"あり",result!$G$2:'result'!$G$163,"なし") -> 1.1714286 | D17: =AVERAGEIFS(result!W$2:'result'!W$163,result!$F$2:'result'!$F$163,"なし",result!$G$2:'result'!$G$163,"なし") -> 0.97142857 | E17: =AVERAGEIFS(result!W$2:'result'!W$163,result!$F$2:'result'!$F$163,"なし",result!$G$2:'result'!$G$163,"あり") -> 1.0175439
A18: =result!X1 -> Q18 | B18: =AVERAGEIFS(result!X$2:'result'!X$163,result!$F$2:'result'!$F$163,"あり",result!$G$2:'result'!$G$163,"あり") -> 2.3142857 | C18: =AVERAGEIFS(result!X$2:'result'!X$163,result!$F$2:'result'!$F$163,"あり",result!$G$2:'result'!$G$163,"なし") -> 2.0857143 | D18: =AVERAGEIFS(result!X$2:'result'!X$163,result!$F$2:'result'!$F$163,"なし",result!$G$2:'result'!$G$163,"なし") -> 1.8571429 | E18: =AVERAGEIFS(result!X$2:'result'!X$163,result!$F$2:'result'!$F$163,"なし",result!$G$2:'result'!$G$163,"あり") -> 2.3333333
A19: =result!Y1 -> Q19 | B19: =AVERAGEIFS(result!Y$2:'result'!Y$163,result!$F$2:'result'!$F$163,"あり",result!$G$2:'result'!$G$163,"あり") -> 0.22857143 | C19: =AVERAGEIFS(result!Y$2:'result'!Y$163,result!$F$2:'result'!$F$163,"あり",result!$G$2:'result'!$G$163,"なし") -> 0.25714286 | D19: =AVERAGEIFS(result!Y$2:'result'!Y$163,result!$F$2:'result'!$F$163,"なし",result!$G$2:'result'!$G$163,"なし") -> 0.085714286 | E19: =AVERAGEIFS(result!Y$2:'result'!Y$163,result!$F$2:'result'!$F$163,"なし",result!$G$2:'result'!$G$163,"あり") -> 0.12280702
A20: =result!Z1 -> Q20 | B20: =AVERAGEIFS(result!Z$2:'result'!Z$163,result!$F$2:'result'!$F$163,"あり",result!$G$2:'result'!$G$163,"あり") -> 1.7428571 | C20: =AVERAGEIFS(result!Z$2:'result'!Z$163,result!$F$2:'result'!$F$163,"あり",result!$G$2:'result'!$G$163,"なし") -> 1.4 | D20: =AVERAGEIFS(result!Z$2:'result'!Z$163,result!$F$2:'result'!$F$163,"なし",result!$G$2:'result'!$G$163,"なし") -> 1.2857143 | E20: =AVERAGEIFS(result!Z$2:'result'!Z$163,result!$F$2:'result'!$F$163,"なし",result!$G$2:'result'!$G$163,"あり") -> 1.6140351

Sheet result_h
A1: フィルタ 3 | B1: フィルタ 4 | C1: ID | D1: 言語設定 | E1: 入力開始日時 | F1: 入力終了日時 | G1: システムファイル | H1: 同意の有無 | I1: 理解しました | J1: 内容の確認1 | K1: 内容の確認2 | L1: 内容の確認3 | M1: 内容の確認4 | N1: 1. AIは人間らしい振る舞いをする | O1: 2. AIは生き物のように反応する | P1: 3. AIは利用しやすい | Q1: 4. AIはタスクをうまく行う | R1: 5. AIは好感が持てる | S1: 6. AIは社会に馴染むことができる | T1: 7. AIには独自の個性がある | U1: 8. 将来またこのAIを利用したいと思う | V1: 10. AIの言動は見ていて楽しい | W1: 11. AIとのやりとりは注意を引く | X1: 12. AIは信頼できる | Y1: 13. AIと協力してタスクを行うことができた | Z1: 14. AIは気を配っている | AA1: 15. AIの言動は合理的である | AB1: 16. AIの言動には意図がある | AC1: 17. AIとのやりとりを好意的に受け止めている | AD1: 18. AIは社会的な存在感がある | AE1: 19. 他の人はAIを使うことをこの勧めると思う | AF1: 20. AIには感情がある | AG1: AIの性格は変わっていない | AH1: AIの性格は初めのチャットの途中で変わった | AI1: AIの性格はチャットを新規作成した際に変わった | AJ1: AIの性格はチャットを新規作成後の<br>チャットの途中に変わった | AK1: ピクト | AL1: オルタ | AM1: モーリッツ | AN1: 左記以外 | AO1: 他に依頼したいことができたため | AP1: 予定していた依頼がすべて無事に完了したため | AQ1: AIからチャットを新規作成するように指示されたため | AR1: 何度依頼しても期待した画像が出力されなかったため | AS1: 性別 | AT1: 年齢 | AU1: 感想 | AV1: 人格切り替え | AW1: 名前 | AX1: 回答者 | AY1: 質問2 | AZ1: 質問3 | BA1: 一つずらす | BB1: 適切
A2: 1 | B2: 0 | C2: nszw26001_WOjXwNvGX9 | D2: ja | E2: 2026-01-27_20-02-33 | F2: 2026-01-27_20-05-52 | G2: iframegid:conf/iframe/chatItoI_name_js/index.html | H2: 同意する | I2: 理解しました | J2: AIとのチャットの様子を視聴する． | K2: あなた自身がユーザになったつもりでチャットの様子を視聴する | L2: チャット画面をスクロール，またはチャット画面右側に表示されるスクロールバーをドラッグすることでAIとのチャットを見返すことができる． | M2: AIへの印象の評価は，あまり深く考え込まずに自分が感じた印象で評価する． | N2: 4 | O2: 5 | P2: 5 | Q2: 5 | R2: 5 | S2: 5 | T2: 5 | U2: 6 | V2: 5 | W2: 6 | X2: 6 | Y2: 7 | Z2: 6 | AA2: 6 | AB2: 7 | AC2: 7 | AD2: 7 | AE2: 7 | AF2: 7 | AG2: 1 | AH2: 0 | AI2: 0 | AJ2: 0 | AK2: 0 | AL2: 0 | AM2: 1 | AN2: 0 | AO2: 0 | AP2: 0 | AQ2: 0 | AR2: 1 | AS2: 男 | AT2: 44 | AV2: なし | AW2: あり | AX2: 人間 | AY2: 1 | BA2: TRUE | BB2: TRUE
A3: 0 | B3: 1 | C3: nszw26001_Ycja2TN5dX | D3: ja | E3: 2026-01-27_20-02-40 | F3: 2026-01-27_20-05-58 | G3: iframegid:conf/iframe/chatItoE_noname_js/index.html | H3: 同意する | I3: 理解しました | J3: AIとのチャットの様子を視聴する． | K3: あなた自身がユーザになったつもりでチャットの様子を視聴する | L3: チャット画面をスクロール，またはチャット画面右側に表示されるスクロールバーをドラッグすることでAIとのチャットを見返すことができる． | M3: AIへの印象の評価は，あまり深く考え込まずに自分が感じた印象で評価する． | N3: 9 | O3: 8 | P3: 9 | Q3: 8 | R3: 8 | S3: 8 | T3: 9 | U3: 9 | V3: 9 | W3: 8 | X3: 8 | Y3: 8 | Z3: 9 | AA3: 9 | AB3: 7 | AC3: 9 | AD3: 8 | AE3: 9 | AF3: 6 | AG3: 1 | AH3: 0 | AI3: 0 | AJ3: 0 | AK3: 0 | AL3: 0 | AM3: 0 | AN3: 1 | AO3: 0 | AP3: 0 | AQ3: 0 | AR3: 1 | AS3: 男 | AT3: 40 | AV3: あり | AW3: なし | AX3: 人間 | AY3: 1 | BA3: TRUE | BB3: TRUE
A4: 1 | B4: 0 | C4: nszw26001_mqQRm4ZW3E | D4: ja | E4: 2026-01-27_20-02-32 | F4: 2026-01-27_20-06-41 | G4: iframegid:conf/iframe/chatItoI_name_js/index.html | H4: 同意する | I4: 理解しました | J4: AIとのチャットの様子を視聴する． | K4: あなた自身がユーザになったつもりでチャットの様子を視聴する | L4: チャット画面をスクロール，またはチャット画面右側に表示されるスクロールバーをドラッグすることでAIとのチャットを見返すことができる． | M4: AIへの印象の評価は，あまり深く考え込まずに自分が感じた印象で評価する． | N4: 2 | O4: 2 | P4: 6 | Q4: 4 | R4: 5 | S4: 5 | T4: 5 | U4: 2 | V4: 5 | W4: 6 | X4: 6 | Y4: 7 | Z4: 4 | AA4: 7 | AB4: 1 | AC4: 6 | AD4: 6 | AE4: 1 | AF4: 0 | AG4: 1 | AH4: 0 | AI4: 0 | AJ4: 0 | AK4: 0 | AL4: 0 | AM4: 1 | AN4: 0 | AO4: 0 | AP4: 0 | AQ4: 0 | AR4: 1 | AS4: 男 | AT4: 48 | AV4: なし | AW4: あり | AX4: 人間 | AY4: 1 | BA4: TRUE | BB4: TRUE
A5: 0 | B5: 0 | C5: nszw26001_yfkynHPo71 | D5: ja | E5: 2026-01-27_20-02-36 | F5: 2026-01-27_20-06-43 | G5: iframegid:conf/iframe/chatItoI_noname_js/index.html | H5: 同意する | I5: 理解しました | J5: AIとのチャットの様子を視聴する． | K5: あなた自身がユーザになったつもりでチャットの様子を視聴する | L5: チャット画面をスクロール，またはチャット画面右側に表示されるスクロールバーをドラッグすることでAIとのチャットを見返すことができる． | M5: AIへの印象の評価は，あまり深く考え込まずに自分が感じた印象で評価する． | N5: 2 | O5: 3 | P5: 2 | Q5: 3 | R5: 7 | S5: 5 | T5: 9 | U5: 2 | V5: 3 | W5: 4 | X5: 2 | Y5: 5 | Z5: 7 | AA5: 4 | AB5: 3 | AC5: 5 | AD5: 4 | AE5: 1 | AF5: 3 | AG5: 0 | AH5: 0 | AI5: 1 | AJ5: 0 | AK5: 0 | AL5: 0 | AM5: 0 | AN5: 1 | AO5: 0 | AP5: 0 | AQ5: 0 | AR5: 1 | AS5: 男 | AT5: 55 | AV5: なし | AW5: なし | AX5: 人間 | AY5: 1 | BA5: TRUE | BB5: TRUE
A6: 1 | B6: 1 | C6: nszw26001_D2VV5UUtiX | D6: ja | E6: 2026-01-27_20-02-46 | F6: 2026-01-27_20-06-49 | G6: iframegid:conf/iframe/chatItoE_name_js/index.html | H6: 同意する | I6: 理解しました | J6: AIとのチャットの様子を視聴する． | K6: あなた自身がユーザになったつもりでチャットの様子を視聴する | L6: チャット画面をスクロール，またはチャット画面右側に表示されるスクロールバーをドラッグすることでAIとのチャットを見返すことができる． | M6: AIへの印象の評価は，あまり深く考え込まずに自分が感じた印象で評価する． | N6: 3 | O6: 3 | P6: 0 | Q6: 0 | R6: 0 | S6: 0 | T6: 8 | U6: 0 | V6: 2 | W6: 5 | X6: 0 | Y6: 0 | Z6: 0 | AA6: 0 | AB6: 5 | AC6: 0 | AD6: 5 | AE6: 0 | AF6: 5 | AG6: 1 | AH6: 0 | AI6: 0 | AJ6: 0 | AK6: 1 | AL6: 0 | AM6: 1 | AN6: 0 | AO6: 0 | AP6: 0 | AQ6: 0 | AR6: 1 | AS6: 男 | AT6: 51 | AV6: あり | AW6: あり | AX6: 人間 | AY6: 1 | BA6: TRUE | BB6: TRUE
A7: 0 | B7: 1 | C7: nszw26001_oS2fgO3tPE | D7: ja | E7: 2026-01-27_20-02-44 | F7: 2026-01-27_20-07-10 | G7: iframegid:conf/iframe/chatItoE_noname_js/index.html | H7: 同意する | I7: 理解しました | J7: AIとのチャットの様子を視聴する． | K7: あなた自身がユーザになったつもりでチャットの様子を視聴する | L7: チャット画面をスクロール，またはチャット画面右側に表示されるスクロールバーをドラッグすることでAIとのチャットを見返すことができる． | M7: AIへの印象の評価は，あまり深く考え込まずに自分が感じた印象で評価する． | N7: 1 | O7: 2 | P7: 1 | Q7: 4 | R7: 2 | S7: 2 | T7: 1 | U7: 0 | V7: 1 | W7: 1 | X7: 7 | Y7: 2 | Z7: 2 | AA7: 3 | AB7: 2 | AC7: 3 | AD7: 1 | AE7: 2 | AF7: 0 | AG7: 0 | AH7: 0 | AI7: 1 | AJ7: 0 | AK7: 0 | AL7: 0 | AM7: 0 | AN7: 1 | AO7: 0 | AP7: 0 | AQ7: 0 | AR7: 1 | AS7: 男 | AT7: 47 | AU7: ここまで無能？なAIはひどい | AV7: あり | AW7: なし | AX7: 人間 | AY7: 1 | BA7: TRUE | BB7: TRUE
A8: 1 | B8: 0 | C8: nszw26001_ZraTpYwOfb | D8: ja | E8: 2026-01-27_20-02-31 | F8: 2026-01-27_20-07-03 | G8: iframegid:conf/iframe/chatItoI_name_js/index.html | H8: 同意する | I8: 理解しました | J8: AIとのチャットの様子を視聴する． | K8: あなた自身がユーザになったつもりでチャットの様子を視聴する | L8: チャット画面をスクロール，またはチャット画面右側に表示されるスクロールバーをドラッグすることでAIとのチャットを見返すことができる． | M8: AIへの印象の評価は，あまり深く考え込まずに自分が感じた印象で評価する． | N8: 3 | O8: 1 | P8: 0 | Q8: 0 | R8: 0 | S8: 1 | T8: 0 | U8: 2 | V8: 0 | W8: 1 | X8: 0 | Y8: 1 | Z8: 0 | AA8: 0 | AB8: 0 | AC8: 0 | AD8: 1 | AE8: 0 | AF8: 0 | AG8: 1 | AH8: 0 | AI8: 0 | AJ8: 0 | AK8: 0 | AL8: 0 | AM8: 1 | AN8: 0 | AO8: 0 | AP8: 0 | AQ8: 0 | AR8: 1 | AS8: 男 | AT8: 49 | AU8: ない | AV8: なし | AW8: あり | AX8: 人間 | AY8: 1 | BA8: TRUE | BB8: TRUE
A9: 1 | B9: 0 | C9: nszw26001_TogE9asSS2 | D9: ja | E9: 2026-01-27_20-02-33 | F9: 2026-01-27_20-07-07 | G9: iframegid:conf/iframe/chatItoI_name_js/index.html | H9: 同意する | I9: 理解しました | J9: AIとのチャットの様子を視聴する． | K9: あなた自身がユーザになったつもりでチャットの様子を視聴する | L9: チャット画面をスクロール，またはチャット画面右側に表示されるスクロールバーをドラッグすることでAIとのチャットを見返すことができる． | M9: AIへの印象の評価は，あまり深く考え込まずに自分が感じた印象で評価する． | N9: 2 | O9: 1 | P9: 0 | Q9: 0 | R9: 1 | S9: 2 | T9: 4 | U9: 0 | V9: 1 | W9: 2 | X9: 0 | Y9: 0 | Z9: 1 | AA9: 0 | AB9: 0 | AC9: 1 | AD9: 1 | AE9: 0 | AF9: 1 | AG9: 1 | AH9: 0 | AI9: 0 | AJ9: 0 | AK9: 0 | AL9: 0 | AM9: 1 | AN9: 0 | AO9: 0 | AP9: 0 | AQ9: 0 | AR9: 1 | AS9: 男 | AT9: 43 | AU9: 同様のシチュエーションに遭遇したことがあったことを思い出しました。 | AV9: なし | AW9: あり | AX9: 人間 | AY9: 1 | BA9: TRUE | BB9: TRUE
A10: 0 | B10: 1 | C10: nszw26001_Q0XtdMSRnG | D10: ja | E10: 2026-01-27_20-03-21 | F10: 2026-01-27_20-07-16 | G10: iframegid:conf/iframe/chatItoE_noname_js/index.html | H10: 同意する | I10: 理解しました | J10: AIとのチャットの様子を視聴する． | K10: あなた自身がユーザになったつもりでチャットの様子を視聴する | L10: チャット画面をスクロール，またはチャット画面右側に表示されるスクロールバーをドラッグすることでAIとのチャットを見返すことができる． | M10: AIへの印象の評価は，あまり深く考え込まずに自分が感じた印象で評価する． | N10: 0 | O10: 0 | P10: 5 | Q10: 0 | R10: 5 | S10: 5 | T10: 5 | U10: 0 | V10: 0 | W10: 0 | X10: 0 | Y10: 0 | Z10: 5 | AA10: 5 | AB10: 5 | AC10: 5 | AD10: 5 | AE10: 0 | AF10: 0 | AG10: 1 | AH10: 0 | AI10: 0 | AJ10: 0 | AK10: 0 | AL10: 0 | AM10: 0 | AN10: 1 | AO10: 0 | AP10: 0 | AQ10: 0 | AR10: 1 | AS10: 男 | AT10: 55 | AV10: あり | AW10: なし | AX10: 人間 | AY10: 1 | BA10: TRUE | BB10: TRUE
A11: 0 | B11: 1 | C11: nszw26001_hpDK6GAc6r | D11: ja | E11: 2026-01-27_20-02-38 | F11: 2026-01-27_20-07-17 | G11: iframegid:conf/iframe/chatItoE_noname_js/index.html | H11: 同意する | I11: 理解しました | J11: AIとのチャットの様子を視聴する． | K11: あなた自身がユーザになったつもりでチャットの様子を視聴する | L11: チャット画面をスクロール，またはチャット画面右側に表示されるスクロールバーをドラッグすることでAIとのチャットを見返すことができる． | M11: AIへの印象の評価は，あまり深く考え込まずに自分が感じた印象で評価する． | N11: 6 | O11: 6 | P11: 4 | Q11: 4 | R11: 6 | S11: 5 | T11: 6 | U11: 0 | V11: 6 | W11: 6 | X11: 7 | Y11: 5 | Z11: 6 | AA11: 7 | AB11: 4 | AC11: 7 | AD11: 6 | AE11: 1 | AF11: 5 | AG11: 1 | AH11: 0 | AI11: 0 | AJ11: 0 | AK11: 0 | AL11: 0 | AM11: 0 | AN11: 1 | AO11: 0 | AP11: 0 | AQ11: 0 | AR11: 1 | AS11: 男 | AT11: 40 | AV11: あり | AW11: なし | AX11: 人間 | AY11: 1 | BA11: TRUE | BB11: TRUE
A12: 0 | B12: 1 | C12: nszw26001_lLebZwjEIn | D12: ja | E12: 2026-01-27_20-02-32 | F12: 2026-01-27_20-07-24 | G12: iframegid:conf/iframe/chatItoE_noname_js/index.html | H12: 同意する | I12: 理解しました | J12: AIとのチャットの様子を視聴する． | K12: あなた自身がユーザになったつもりでチャットの様子を視聴する | L12: チャット画面をスクロール，またはチャット画面右側に表示されるスクロールバーをドラッグすることでAIとのチャットを見返すことができる． | M12: AIへの印象の評価は，あまり深く考え込まずに自分が感じた印象で評価する． | N12: 2 | O12: 1 | P12: 1 | Q12: 0 | R12: 1 | S12: 1 | T12: 5 | U12: 0 | V12: 5 | W12: 5 | X12: 3 | Y12: 3 | Z12: 2 | AA12: 2 | AB12: 5 | AC12: 1 | AD12: 4 | AE12: 1 | AF12: 1 | AG12: 1 | AH12: 0 | AI12: 0 | AJ12: 0 | AK12: 0 | AL12: 0 | AM12: 0 | AN12: 1 | AO12: 0 | AP12: 0 | AQ12: 0 | AR12: 1 | AS12: 男 | AT12: 49 | AU12: ない | AV12: あり | AW12: なし | AX12: 人間 | AY12: 1 | BA12: TRUE | BB12: TRUE
A13: 1 | B13: 0 | C13: nszw26001_ZdqzsdPkLf | D13: ja | E13: 2026-01-27_20-02-43 | F13: 2026-01-27_20-07-29 | G13: iframegid:conf/iframe/chatItoI_name_js/index.html | H13: 同意する | I13: 理解しました | J13: AIとのチャットの様子を視聴する． | K13: あなた自身がユーザになったつもりでチャットの様子を視聴する | L13: チャット画面をスクロール，またはチャット画面右側に表示されるスクロールバーをドラッグすることでAIとのチャットを見返すことができる． | M13: AIへの印象の評価は，あまり深く考え込まずに自分が感じた印象で評価する． | N13: 2 | O13: 3 | P13: 6 | Q13: 0 | R13: 5 | S13: 6 | T13: 6 | U13: 1 | V13: 2 | W13: 2 | X13: 1 | Y13: 5 | Z13: 3 | AA13: 4 | AB13: 4 | AC13: 3 | AD13: 4 | AE13: 1 | AF13: 7 | AG13: 1 | AH13: 0 | AI13: 0 | AJ13: 0 | AK13: 0 | AL13: 0 | AM13: 1 | AN13: 0 | AO13: 0 | AP13: 0 | AQ13: 0 | AR13: 1 | AS13: 男 | AT13: 42 | AV13: なし | AW13: あり | AX13: 人間 | AY13: 1 | BA13: TRUE | BB13: TRUE
A14: 1 | B14: 1 | C14: nszw26001_ld1WmHaCKr | D14: ja | E14: 2026-01-27_20-02-33 | F14: 2026-01-27_20-07-24 | G14: iframegid:conf/iframe/chatItoE_name_js/index.html | H14: 同意する | I14: 理解しました | J14: AIとのチャットの様子を視聴する． | K14: あなた自身がユーザになったつもりでチャットの様子を視聴する | L14: チャット画面をスクロール，またはチャット画面右側に表示されるスクロールバーをドラッグすることでAIとのチャットを見返すことができる． | M14: AIへの印象の評価は，あまり深く考え込まずに自分が感じた印象で評価する． | N14: 1 | O14: 2 | P14: 1 | Q14: 0 | R14: 0 | S14: 1 | T14: 1 | U14: 0 | V14: 0 | W14: 1 | X14: 0 | Y14: 0 | Z14: 0 | AA14: 0 | AB14: 1 | AC14: 0 | AD14: 1 | AE14: 0 | AF14: 0 | AG14: 1 | AH14: 0 | AI14: 0 | AJ14: 0 | AK14: 1 | AL14: 0 | AM14: 1 | AN14: 0 | AO14: 0 | AP14: 0 | AQ14: 0 | AR14: 1 | AS14: 男 | AT14: 46 | AV14: あり | AW14: あり | AX14: 人間 | AY14: 1 | BA14: TRUE | BB14: TRUE
A15: 1 | B15: 1 | C15: nszw26001_KRhWckzkwg | D15: ja | E15: 2026-01-27_20-02-41 | F15: 2026-01-27_20-07-27 | G15: iframegid:conf/iframe/chatItoE_name_js/index.html | H15: 同意する | I15: 理解しました | J15: AIとのチャットの様子を視聴する． | K15: あなた自身がユーザになったつもりでチャットの様子を視聴する | L15: チャット画面をスクロール，またはチャット画面右側に表示されるスクロールバーをドラッグすることでAIとのチャットを見返すことができる． | M15: AIへの印象の評価は，あまり深く考え込まずに自分が感じた印象で評価する． | N15: 5 | O15: 5 | P15: 6 | Q15: 4 | R15: 4 | S15: 5 | T15: 6 | U15: 5 | V15: 5 | W15: 5 | X15: 4 | Y15: 6 | Z15: 4 | AA15: 5 | AB15: 5 | AC15: 6 | AD15: 4 | AE15: 3 | AF15: 5 | AG15: 0 | AH15: 0 | AI15: 1 | AJ15: 0 | AK15: 1 | AL15: 0 | AM15: 1 | AN15: 0 | AO15: 0 | AP15: 0 | AQ15: 0 | AR15: 1 | AS15: 男 | AT15: 52 | AV15: あり | AW15: あり | AX15: 人間 | AY15: 1 | BA15: TRUE | BB15: TRUE
A16: 1 | B16: 0 | C16: nszw26001_Sm7ai0HddU | D16: ja | E16: 2026-01-27_20-02-33 | F16: 2026-01-27_20-07-35 | G16: iframegid:conf/iframe/chatItoI_name_js/index.html | H16: 同意する | I16: 理解しました | J16: AIとのチャットの様子を視聴する． | K16: あなた自身がユーザになったつもりでチャットの様子を視聴する | L16: チャット画面をスクロール，またはチャット画面右側に表示されるスクロールバーをドラッグすることでAIとのチャットを見返すことができる． | M16: AIへの印象の評価は，あまり深く考え込まずに自分が感じた印象で評価する． | N16: 2 | O16: 2 | P16: 2 | Q16: 2 | R16: 2 | S16: 2 | T16: 5 | U16: 2 | V16: 2 | W16: 2 | X16: 2 | Y16: 2 | Z16: 2 | AA16: 2 | AB16: 2 | AC16: 2 | AD16: 2 | AE16: 2 | AF16: 2 | AG16: 1 | AH16: 0 | AI16: 0 | AJ16: 0 | AK16: 0 | AL16: 0 | AM16: 1 | AN16: 0 | AO16: 0 | AP16: 0 | AQ16: 0 | AR16: 1 | AS16: 男 | AT16: 54 | AU16: イラっとした | AV16: なし | AW16: あり | AX16: 人間 | AY16: 1 | BA16: TRUE | BB16: TRUE
A17: 0 | B17: 0 | C17: nszw26001_ZlMzIaZfM6 | D17: ja | E17: 2026-01-27_20-02-34 | F17: 2026-01-27_20-07-42 | G17: iframegid:conf/iframe/chatItoI_noname_js/index.html | H17: 同意する | I17: 理解しました | J17: AIとのチャットの様子を視聴する． | K17: あなた自身がユーザになったつもりでチャットの様子を視聴する | L17: チャット画面をスクロール，またはチャット画面右側に表示されるスクロールバーをドラッグすることでAIとのチャットを見返すことができる． | M17: AIへの印象の評価は，あまり深く考え込まずに自分が感じた印象で評価する． | N17: 7 | O17: 8 | P17: 7 | Q17: 2 | R17: 6 | S17: 3 | T17: 5 | U17: 2 | V17: 5 | W17: 8 | X17: 2 | Y17: 3 | Z17: 7 | AA17: 5 | AB17: 2 | AC17: 5 | AD17: 5 | AE17: 2 | AF17: 2 | AG17: 1 | AH17: 0 | AI17: 0 | AJ17: 0 | AK17: 0 | AL17: 0 | AM17: 0 | AN17: 1 | AO17: 0 | AP17: 0 | AQ17: 0 | AR17: 1 | AS17: 男 | AT17: 51 | AU17: AIはまだ発展途上の為に信用が今一出来ない。 | AV17: なし | AW17: なし | AX17: 人間 | AY17: 1 | BA17: TRUE | BB17: TRUE
A18: 0 | B18: 0 | C18: nszw26001_RsJxAWWGy2 | D18: ja | E18: 2026-01-27_20-02-58 | F18: 2026-01-27_20-07-52 | G18: iframegid:conf/iframe/chatItoI_noname_js/index.html | H18: 同意する | I18: 理解しました | J18: AIとのチャットの様子を視聴する． | K18: あなた自身がユーザになったつもりでチャットの様子を視聴する | L18: チャット画面をスクロール，またはチャット画面右側に表示されるスクロールバーをドラッグすることでAIとのチャットを見返すことができる． | M18: AIへの印象の評価は，あまり深く考え込まずに自分が感じた印象で評価する． | N18: 6 | O18: 6 | P18: 5 | Q18: 4 | R18: 6 | S18: 6 | T18: 6 | U18: 4 | V18: 6 | W18: 6 | X18: 6 | Y18: 6 | Z18: 7 | AA18: 6 | AB18: 6 | AC18: 5 | AD18: 6 | AE18: 4 | AF18: 6 | AG18: 1 | AH18: 0 | AI18: 0 | AJ18: 0 | AK18: 1 | AL18: 0 | AM18: 0 | AN18: 0 | AO18: 0 | AP18: 0 | AQ18: 0 | AR18: 1 | AS18: 男 | AT18: 47 | AU18: AIにもどかしさを覚えた | AV18: なし | AW18: なし | AX18: 人間 | AY18: 1 | BA18: TRUE | BB18: TRUE
A19: 1 | B19: 1 | C19: nszw26001_RTFlxd0LMV | D19: ja | E19: 2026-01-27_20-02-34 | F19: 2026-01-27_20-08-00 | G19: iframegid:conf/iframe/chatItoE_name_js/index.html | H19: 同意する | I19: 理解しました | J19: AIとのチャットの様子を視聴する． | K19: あなた自身がユーザになったつもりでチャットの様子を視聴する | L19: チャット画面をスクロール，またはチャット画面右側に表示されるスクロールバーをドラッグすることでAIとのチャットを見返すことができる． | M19: AIへの印象の評価は，あまり深く考え込まずに自分が感じた印象で評価する． | N19: 2 | O19: 3 | P19: 4 | Q19: 3 | R19: 1 | S19: 2 | T19: 2 | U19: 0 | V19: 3 | W19: 4 | X19: 4 | Y19: 3 | Z19: 3 | AA19: 4 | AB19: 0 | AC19: 3 | AD19: 5 | AE19: 3 | AF19: 0 | AG19: 0 | AH19: 0 | AI19: 1 | AJ19: 0 | AK19: 1 | AL19: 0 | AM19: 1 | AN19: 0 | AO19: 0 | AP19: 0 | AQ19: 0 | AR19: 1 | AS19: 男 | AT19: 45 | AU19: とくにありませんが本当にAIがこんな動きをしたら腹立たしい感じがします | AV19: あり | AW19: あり | AX19: 人間 | AY19: 1 | BA19: TRUE | BB19: TRUE
A20: 0 | B20: 1 | C20: nszw26001_rcqMk7HQgW | D20: ja | E20: 2026-01-27_20-02-37 | F20: 2026-01-27_20-08-00 | G20: iframegid:conf/iframe/chatItoE_noname_js/index.html | H20: 同意する | I20: 理解しました | J20: AIとのチャットの様子を視聴する． | K20: あなた自身がユーザになったつもりでチャットの様子を視聴する | L20: チャット画面をスクロール，またはチャット画面右側に表示されるスクロールバーをドラッグすることでAIとのチャットを見返すことができる． | M20: AIへの印象の評価は，あまり深く考え込まずに自分が感じた印象で評価する． | N20: 8 | O20: 5 | P20: 2 | Q20: 2 | R20: 1 | S20: 5 | T20: 6 | U20: 1 | V20: 3 | W20: 5 | X20: 1 | Y20: 1 | Z20: 3 | AA20: 1 | AB20: 0 | AC20: 0 | AD20: 2 | AE20: 0 | AF20: 0 | AG20: 1 | AH20: 0 | AI20: 0 | AJ20: 0 | AK20: 0 | AL20: 0 | AM20: 0 | AN20: 1 | AO20: 0 | AP20: 0 | AQ20: 0 | AR20: 1 | AS20: 男 | AT20: 40 | AV20: あり | AW20: なし | AX20: 人間 | AY20: 1 | BA20: TRUE | BB20: TRUE
A21: 1 | B21: 0 | C21: nszw26001_RMaQFzNVnx | D21: ja | E21: 2026-01-27_20-02-37 | F21: 2026-01-27_20-08-08 | G21: iframegid:conf/iframe/chatItoI_name_js/index.html | H21: 同意する | I21: 理解しました | J21: AIとのチャットの様子を視聴する． | K21: あなた自身がユーザになったつもりでチャットの様子を視聴する | L21: チャット画面をスクロール，またはチャット画面右側に表示されるスクロールバーをドラッグすることでAIとのチャットを見返すことができる． | M21: AIへの印象の評価は，あまり深く考え込まずに自分が感じた印象で評価する． | N21: 8 | O21: 8 | P21: 2 | Q21: 2 | R21: 2 | S21: 2 | T21: 7 | U21: 2 | V21: 2 | W21: 3 | X21: 1 | Y21: 2 | Z21: 2 | AA21: 2 | AB21: 2 | AC21: 1 | AD21: 6 | AE21: 1 | AF21: 1 | AG21: 1 | AH21: 0 | AI21: 0 | AJ21: 0 | AK21: 0 | AL21: 0 | AM21: 1 | AN21: 0 | AO21: 0 | AP21: 0 | AQ21: 0 | AR21: 1 | AS21: 男 | AT21: 40 | AU21: チャットのやり取りで上手くいかないのを眺めているのはもどかしかった | AV21: なし | AW21: あり | AX21: 人間 | AY21: 1 | BA21: TRUE | BB21: TRUE
A22: 1 | B22: 0 | C22: nszw26001_BOohnLhhUb | D22: ja | E22: 2026-01-27_20-02-32 | F22: 2026-01-27_20-08-05 | G22: iframegid:conf/iframe/chatItoI_name_js/index.html | H22: 同意する | I22: 理解しました | J22: AIとのチャットの様子を視聴する． | K22: あなた自身がユーザになったつもりでチャットの様子を視聴する | L22: チャット画面をスクロール，またはチャット画面右側に表示されるスクロールバーをドラッグすることでAIとのチャットを見返すことができる． | M22: AIへの印象の評価は，あまり深く考え込まずに自分が感じた印象で評価する． | N22: 5 | O22: 2 | P22: 0 | Q22: 0 | R22: 0 | S22: 0 | T22: 1 | U22: 0 | V22: 5 | W22: 5 | X22: 1 | Y22: 1 | Z22: 1 | AA22: 0 | AB22: 0 | AC22: 1 | AD22: 8 | AE22: 1 | AF22: 0 | AG22: 1 | AH22: 0 | AI22: 0 | AJ22: 0 | AK22: 0 | AL22: 0 | AM22: 1 | AN22: 0 | AO22: 0 | AP22: 0 | AQ22: 0 | AR22: 1 | AS22: 男 | AT22: 39 | AU22: AI が無能だった | AV22: なし | AW22: あり | AX22: 人間 | AY22: 1 | BA22: TRUE | BB22: TRUE
A23: 1 | B23: 1 | C23: nszw26001_utEImfbfZR | D23: ja | E23: 2026-01-27_20-02-37 | F23: 2026-01-27_20-08-10 | G23: iframegid:conf/iframe/chatItoE_name_js/index.html | H23: 同意する | I23: 理解しました | J23: AIとのチャットの様子を視聴する． | K23: あなた自身がユーザになったつもりでチャットの様子を視聴する | L23: チャット画面をスクロール，またはチャット画面右側に表示されるスクロールバーをドラッグすることでAIとのチャットを見返すことができる． | M23: AIへの印象の評価は，あまり深く考え込まずに自分が感じた印象で評価する． | N23: 1 | O23: 0 | P23: 0 | Q23: 0 | R23: 0 | S23: 0 | T23: 0 | U23: 0 | V23: 0 | W23: 0 | X23: 0 | Y23: 0 | Z23: 0 | AA23: 0 | AB23: 0 | AC23: 0 | AD23: 0 | AE23: 0 | AF23: 0 | AG23: 1 | AH23: 0 | AI23: 0 | AJ23: 0 | AK23: 1 | AL23: 0 | AM23: 1 | AN23: 0 | AO23: 0 | AP23: 0 | AQ23: 0 | AR23: 1 | AS23: 男 | AT23: 42 | AV23: あり | AW23: あり | AX23: 人間 | AY23: 1 | BA23: TRUE | BB23: TRUE
A24: 1 | B24: 0 | C24: nszw26001_gFLu4vwoyu | D24: ja | E24: 2026-01-27_20-02-40 | F24: 2026-01-27_20-08-22 | G24: iframegid:conf/iframe/chatItoI_name_js/index.html | H24: 同意する | I24: 理解しました | J24: AIとのチャットの様子を視聴する． | K24: あなた自身がユーザになったつもりでチャットの様子を視聴する | L24: チャット画面をスクロール，またはチャット画面右側に表示されるスクロールバーをドラッグすることでAIとのチャットを見返すことができる． | M24: AIへの印象の評価は，あまり深く考え込まずに自分が感じた印象で評価する． | N24: 0 | O24: 0 | P24: 0 | Q24: 0 | R24: 0 | S24: 0 | T24: 1 | U24: 0 | V24: 0 | W24: 0 | X24: 0 | Y24: 0 | Z24: 0 | AA24: 0 | AB24: 0 | AC24: 0 | AD24: 1 | AE24: 0 | AF24: 0 | AG24: 1 | AH24: 0 | AI24: 0 | AJ24: 0 | AK24: 0 | AL24: 0 | AM24: 1 | AN24: 0 | AO24: 0 | AP24: 0 | AQ24: 0 | AR24: 1 | AS24: 男 | AT24: 52 | AU24: 特になし | AV24: なし | AW24: あり | AX24: 人間 | AY24: 1 | BA24: TRUE | BB24: TRUE
A25: 0 | B25: 0 | C25: nszw26001_oOuSUC4LNJ | D25: ja | E25: 2026-01-27_20-02-35 | F25: 2026-01-27_20-08-27 | G25: iframegid:conf/iframe/chatItoI_noname_js/index.html | H25: 同意する | I25: 理解しました | J25: AIとのチャットの様子を視聴する． | K25: あなた自身がユーザになったつもりでチャットの様子を視聴する | L25: チャット画面をスクロール，またはチャット画面右側に表示されるスクロールバーをドラッグすることでAIとのチャットを見返すことができる． | M25: AIへの印象の評価は，あまり深く考え込まずに自分が感じた印象で評価する． | N25: 2 | O25: 2 | P25: 1 | Q25: 0 | R25: 3 | S25: 4 | T25: 3 | U25: 0 | V25: 2 | W25: 8 | X25: 2 | Y25: 1 | Z25: 2 | AA25: 0 | AB25: 10 | AC25: 0 | AD25: 8 | AE25: 0 | AF25: 5 | AG25: 1 | AH25: 0 | AI25: 0 | AJ25: 0 | AK25: 0 | AL25: 0 | AM25: 0 | AN25: 1 | AO25: 0 | AP25: 0 | AQ25: 0 | AR25: 1 | AS25: 男 | AT25: 54 | AU25: AIの間違え方がわざとらしすぎる | AV25: なし | AW25: なし | AX25: 人間 | AY25: 1 | BA25: TRUE | BB25: TRUE
A26: 0 | B26: 0 | C26: nszw26001_b7tMT8ElYs | D26: ja | E26: 2026-01-27_20-04-05 | F26: 2026-01-27_20-08-40 | G26: iframegid:conf/iframe/chatItoI_noname_js/index.html | H26: 同意する | I26: 理解しました | J26: AIとのチャットの様子を視聴する． | K26: あなた自身がユーザになったつもりでチャットの様子を視聴する | L26: チャット画面をスクロール，またはチャット画面右側に表示されるスクロールバーをドラッグすることでAIとのチャットを見返すことができる． | M26: AIへの印象の評価は，あまり深く考え込まずに自分が感じた印象で評価する． | N26: 7 | O26: 7 | P26: 10 | Q26: 3 | R26: 5 | S26: 10 | T26: 0 | U26: 0 | V26: 10 | W26: 10 | X26: 8 | Y26: 8 | Z26: 6 | AA26: 6 | AB26: 0 | AC26: 6 | AD26: 10 | AE26: 5 | AF26: 0 | AG26: 0 | AH26: 1 | AI26: 0 | AJ26: 0 | AK26: 0 | AL26: 0 | AM26: 0 | AN26: 1 | AO26: 0 | AP26: 0 | AQ26: 0 | AR26: 1 | AS26: 男 | AT26: 58 | AV26: なし | AW26: なし | AX26: 人間 | AY26: 1 | BA26: TRUE | BB26: TRUE
A27: 0 | B27: 0 | C27: nszw26001_Xn74rUowwJ | D27: ja | E27: 2026-01-27_20-02-34 | F27: 2026-01-27_20-08-41 | G27: iframegid:conf/iframe/chatItoI_noname_js/index.html | H27: 同意する | I27: 理解しました | J27: AIとのチャットの様子を視聴する． | K27: あなた自身がユーザになったつもりでチャットの様子を視聴する | L27: チャット画面をスクロール，またはチャット画面右側に表示されるスクロールバーをドラッグすることでAIとのチャットを見返すことができる． | M27: AIへの印象の評価は，あまり深く考え込まずに自分が感じた印象で評価する． | N27: 6 | O27: 7 | P27: 3 | Q27: 1 | R27: 2 | S27: 2 | T27: 6 | U27: 0 | V27: 8 | W27: 8 | X27: 1 | Y27: 0 | Z27: 0 | AA27: 0 | AB27: 1 | AC27: 8 | AD27: 8 | AE27: 1 | AF27: 5 | AG27: 1 | AH27: 0 | AI27: 0 | AJ27: 0 | AK27: 0 | AL27: 0 | AM27: 0 | AN27: 1 | AO27: 0 | AP27: 0 | AQ27: 0 | AR27: 1 | AS27: 男 | AT27: 57 | AU27: 実験とはいえこれほど使えないAIは始めてみた | AV27: なし | AW27: なし | AX27: 人間 | AY27: 1 | BA27: TRUE | BB27: TRUE
A28: 0 | B28: 1 | C28: nszw26001_yXBhgjQcCv | D28: ja | E28: 2026-01-27_20-02-49 | F28: 2026-01-27_20-08-46 | G28: iframegid:conf/iframe/chatItoE_noname_js/index.html | H28: 同意する | I28: 理解しました | J28: AIとのチャットの様子を視聴する． | K28: あなた自身がユーザになったつもりでチャットの様子を視聴する | L28: チャット画面をスクロール，またはチャット画面右側に表示されるスクロールバーをドラッグすることでAIとのチャットを見返すことができる． | M28: AIへの印象の評価は，あまり深く考え込まずに自分が感じた印象で評価する． | N28: 0 | O28: 0 | P28: 0 | Q28: 0 | R28: 0 | S28: 0 | T28: 0 | U28: 0 | V28: 0 | W28: 6 | X28: 0 | Y28: 2 | Z28: 0 | AA28: 0 | AB28: 5 | AC28: 0 | AD28: 5 | AE28: 0 | AF28: 0 | AG28: 0 | AH28: 0 | AI28: 1 | AJ28: 0 | AK28: 0 | AL28: 0 | AM28: 0 | AN28: 1 | AO28: 0 | AP28: 0 | AQ28: 0 | AR28: 1 | AS28: 男 | AT28: 51 | AU28: AIが指示を理解していなくて驚いた。 | AV28: あり | AW28: なし | AX28: 人間 | AY28: 1 | BA28: TRUE | BB28: TRUE
A29: 1 | B29: 1 | C29: nszw26001_FrdV7fxBam | D29: ja | E29: 2026-01-27_20-04-34 | F29: 2026-01-27_20-08-48 | G29: iframegid:conf/iframe/chatItoE_name_js/index.html | H29: 同意する | I29: 理解しました | J29: AIとのチャットの様子を視聴する． | K29: あなた自身がユーザになったつもりでチャットの様子を視聴する | L29: チャット画面をスクロール，またはチャット画面右側に表示されるスクロールバーをドラッグすることでAIとのチャットを見返すことができる． | M29: AIへの印象の評価は，あまり深く考え込まずに自分が感じた印象で評価する． | N29: 6 | O29: 6 | P29: 5 | Q29: 3 | R29: 6 | S29: 5 | T29: 7 | U29: 3 | V29: 5 | W29: 5 | X29: 5 | Y29: 5 | Z29: 6 | AA29: 3 | AB29: 5 | AC29: 5 | AD29: 6 | AE29: 3 | AF29: 5 | AG29: 1 | AH29: 0 | AI29: 0 | AJ29: 0 | AK29: 1 | AL29: 0 | AM29: 1 | AN29: 0 | AO29: 0 | AP29: 0 | AQ29: 0 | AR29: 1 | AS29: 男 | AT29: 50 | AU29: AIを応援した | AV29: あり | AW29: あり | AX29: 人間 | AY29: 1 | BA29: TRUE | BB29: TRUE
A30: 1 | B30: 0 | C30: nszw26001_q8nn3Es0UG | D30: ja | E30: 2026-01-27_20-03-12 | F30: 2026-01-27_20-08-56 | G30: iframegid:conf/iframe/chatItoI_name_js/index.html | H30: 同意する | I30: 理解しました | J30: AIとのチャットの様子を視聴する． | K30: あなた自身がユーザになったつもりでチャットの様子を視聴する | L30: チャット画面をスクロール，またはチャット画面右側に表示されるスクロールバーをドラッグすることでAIとのチャットを見返すことができる． | M30: AIへの印象の評価は，あまり深く考え込まずに自分が感じた印象で評価する． | N30: 7 | O30: 6 | P30: 4 | Q30: 2 | R30: 4 | S30: 3 | T30: 4 | U30: 1 | V30: 4 | W30: 3 | X30: 2 | Y30: 3 | Z30: 6 | AA30: 6 | AB30: 6 | AC30: 4 | AD30: 3 | AE30: 2 | AF30: 6 | AG30: 1 | AH30: 0 | AI30: 0 | AJ30: 0 | AK30: 0 | AL30: 0 | AM30: 1 | AN30: 0 | AO30: 0 | AP30: 0 | AQ30: 0 | AR30: 1 | AS30: 男 | AT30: 54 | AU30: 研究に役立ててください | AV30: なし | AW30: あり | AX30: 人間 | AY30: 1 | BA30: TRUE | BB30: TRUE
A31: 1 | B31: 1 | C31: nszw26001_lKmAxuocXa | D31: ja | E31: 2026-01-27_20-02-33 | F31: 2026-01-27_20-09-03 | G31: iframegid:conf/iframe/chatItoE_name_js/index.html | H31: 同意する | I31: 理解しました | J31: AIとのチャットの様子を視聴する． | K31: あなた自身がユーザになったつもりでチャットの様子を視聴する | L31: チャット画面をスクロール，またはチャット画面右側に表示されるスクロールバーをドラッグすることでAIとのチャットを見返すことができる． | M31: AIへの印象の評価は，あまり深く考え込まずに自分が感じた印象で評価する． | N31: 3 | O31: 3 | P31: 0 | Q31: 0 | R31: 0 | S31: 2 | T31: 3 | U31: 0 | V31: 1 | W31: 5 | X31: 0 | Y31: 0 | Z31: 0 | AA31: 0 | AB31: 0 | AC31: 0 | AD31: 0 | AE31: 0 | AF31: 1 | AG31: 0 | AH31: 0 | AI31: 1 | AJ31: 0 | AK31: 1 | AL31: 0 | AM31: 1 | AN31: 0 | AO31: 0 | AP31: 0 | AQ31: 0 | AR31: 1 | AS31: 男 | AT31: 43 | AU31: アンケート用のテストであることは理解しているが、実際のAIはもう少し賢いような気がした。ただ、クローバーのカードの真ん中の模様のみスペードになっていたりリアルなところもあった。 | AV31: あり | AW31: あり | AX31: 人間 | AY31: 1 | BA31: TRUE | BB31: TRUE
A32: 1 | B32: 1 | C32: nszw26001_IZU9PBKF1A | D32: ja | E32: 2026-01-27_20-03-11 | F32: 2026-01-27_20-09-20 | G32: iframegid:conf/iframe/chatItoE_name_js/index.html | H32: 同意する | I32: 理解しました | J32: AIとのチャットの様子を視聴する． | K32: あなた自身がユーザになったつもりでチャットの様子を視聴する | L32: チャット画面をスクロール，またはチャット画面右側に表示されるスクロールバーをドラッグすることでAIとのチャットを見返すことができる． | M32: AIへの印象の評価は，あまり深く考え込まずに自分が感じた印象で評価する． | N32: 8 | O32: 8 | P32: 5 | Q32: 1 | R32: 5 | S32: 6 | T32: 5 | U32: 0 | V32: 5 | W32: 7 | X32: 4 | Y32: 5 | Z32: 5 | AA32: 5 | AB32: 5 | AC32: 5 | AD32: 5 | AE32: 1 | AF32: 5 | AG32: 1 | AH32: 0 | AI32: 0 | AJ32: 0 | AK32: 1 | AL32: 0 | AM32: 1 | AN32: 0 | AO32: 0 | AP32: 0 | AQ32: 0 | AR32: 1 | AS32: 男 | AT32: 53 | AU32: 簡単だった | AV32: あり | AW32: あり | AX32: 人間 | AY32: 1 | BA32: TRUE | BB32: TRUE
A33: 1 | B33: 0 | C33: nszw26001_vedktIOArY | D33: ja | E33: 2026-01-27_20-04-21 | F33: 2026-01-27_20-09-05 | G33: iframegid:conf/iframe/chatItoI_name_js/index.html | H33: 同意する | I33: 理解しました | J33: AIとのチャットの様子を視聴する． | K33: あなた自身がユーザになったつもりでチャットの様子を視聴する | L33: チャット画面をスクロール，またはチャット画面右側に表示されるスクロールバーをドラッグすることでAIとのチャットを見返すことができる． | M33: AIへの印象の評価は，あまり深く考え込まずに自分が感じた印象で評価する． | N33: 2 | O33: 5 | P33: 1 | Q33: 0 | R33: 3 | S33: 2 | T33: 5 | U33: 1 | V33: 5 | W33: 3 | X33: 1 | Y33: 1 | Z33: 0 | AA33: 0 | AB33: 0 | AC33: 1 | AD33: 1 | AE33: 0 | AF33: 0 | AG33: 1 | AH33: 0 | AI33: 0 | AJ33: 0 | AK33: 0 | AL33: 0 | AM33: 1 | AN33: 0 | AO33: 0 | AP33: 0 | AQ33: 0 | AR33: 1 | AS33: 男 | AT33: 42 | AU33: AIの回答にイライラした | AV33: なし | AW33: あり | AX33: 人間 | AY33: 1 | BA33: TRUE | BB33: TRUE
A34: 0 | B34: 1 | C34: nszw26001_G0wzQyMD7g | D34: ja | E34: 2026-01-27_20-02-30 | F34: 2026-01-27_20-09-07 | G34: iframegid:conf/iframe/chatItoE_noname_js/index.html | H34: 同意する | I34: 理解しました | J34: AIとのチャットの様子を視聴する． | K34: あなた自身がユーザになったつもりでチャットの様子を視聴する | L34: チャット画面をスクロール，またはチャット画面右側に表示されるスクロールバーをドラッグすることでAIとのチャットを見返すことができる． | M34: AIへの印象の評価は，あまり深く考え込まずに自分が感じた印象で評価する． | N34: 6 | O34: 6 | P34: 6 | Q34: 4 | R34: 7 | S34: 5 | T34: 6 | U34: 3 | V34: 5 | W34: 6 | X34: 5 | Y34: 5 | Z34: 6 | AA34: 6 | AB34: 6 | AC34: 7 | AD34: 5 | AE34: 2 | AF34: 4 | AG34: 0 | AH34: 1 | AI34: 0 | AJ34: 0 | AK34: 0 | AL34: 0 | AM34: 0 | AN34: 1 | AO34: 0 | AP34: 0 | AQ34: 0 | AR34: 1 | AS34: 男 | AT34: 49 | AU34: こういう状況よくある | AV34: あり | AW34: なし | AX34: 人間 | AY34: 1 | BA34: TRUE | BB34: TRUE
A35: 1 | B35: 0 | C35: nszw26001_jCVLfrSFeh | D35: ja | E35: 2026-01-27_20-02-31 | F35: 2026-01-27_20-09-09 | G35: iframegid:conf/iframe/chatItoI_name_js/index.html | H35: 同意する | I35: 理解しました | J35: AIとのチャットの様子を視聴する． | K35: あなた自身がユーザになったつもりでチャットの様子を視聴する | L35: チャット画面をスクロール，またはチャット画面右側に表示されるスクロールバーをドラッグすることでAIとのチャットを見返すことができる． | M35: AIへの印象の評価は，あまり深く考え込まずに自分が感じた印象で評価する． | N35: 2 | O35: 2 | P35: 2 | Q35: 1 | R35: 3 | S35: 3 | T35: 3 | U35: 2 | V35: 4 | W35: 5 | X35: 5 | Y35: 6 | Z35: 5 | AA35: 6 | AB35: 5 | AC35: 5 | AD35: 6 | AE35: 2 | AF35: 5 | AG35: 1 | AH35: 0 | AI35: 0 | AJ35: 0 | AK35: 0 | AL35: 0 | AM35: 1 | AN35: 0 | AO35: 0 | AP35: 0 | AQ35: 0 | AR35: 1 | AS35: 男 | AT35: 44 | AU35: プロンプトの工夫が必要だと感じた | AV35: なし | AW35: あり | AX35: 人間 | AY35: 1 | BA35: TRUE | BB35: TRUE
A36: 0 | B36: 0 | C36: nszw26001_zNebVqFwd1 | D36: ja | E36: 2026-01-27_20-02-37 | F36: 2026-01-27_20-09-14 | G36: iframegid:conf/iframe/chatItoI_noname_js/index.html | H36: 同意する | I36: 理解しました | J36: AIとのチャットの様子を視聴する． | K36: あなた自身がユーザになったつもりでチャットの様子を視聴する | L36: チャット画面をスクロール，またはチャット画面右側に表示されるスクロールバーをドラッグすることでAIとのチャットを見返すことができる． | M36: AIへの印象の評価は，あまり深く考え込まずに自分が感じた印象で評価する． | N36: 6 | O36: 7 | P36: 7 | Q36: 4 | R36: 4 | S36: 4 | T36: 7 | U36: 2 | V36: 6 | W36: 6 | X36: 4 | Y36: 5 | Z36: 5 | AA36: 4 | AB36: 4 | AC36: 4 | AD36: 7 | AE36: 2 | AF36: 6 | AG36: 0 | AH36: 0 | AI36: 1 | AJ36: 0 | AK36: 0 | AL36: 0 | AM36: 0 | AN36: 1 | AO36: 0 | AP36: 0 | AQ36: 0 | AR36: 1 | AS36: 男 | AT36: 53 | AU36: 残念なAIでした | AV36: なし | AW36: なし | AX36: 人間 | AY36: 1 | BA36: TRUE | BB36: TRUE
A37: 0 | B37: 1 | C37: nszw26001_gSVHQc8gen | D37: ja | E37: 2026-01-27_20-02-31 | F37: 2026-01-27_20-09-16 | G37: iframegid:conf/iframe/chatItoE_noname_js/index.html | H37: 同意する | I37: 理解しました | J37: AIとのチャットの様子を視聴する． | K37: あなた自身がユーザになったつもりでチャットの様子を視聴する | L37: チャット画面をスクロール，またはチャット画面右側に表示されるスクロールバーをドラッグすることでAIとのチャットを見返すことができる． | M37: AIへの印象の評価は，あまり深く考え込まずに自分が感じた印象で評価する． | N37: 6 | O37: 4 | P37: 7 | Q37: 7 | R37: 7 | S37: 7 | T37: 3 | U37: 5 | V37: 3 | W37: 3 | X37: 5 | Y37: 6 | Z37: 3 | AA37: 3 | AB37: 3 | AC37: 6 | AD37: 4 | AE37: 3 | AF37: 3 | AG37: 1 | AH37: 0 | AI37: 0 | AJ37: 0 | AK37: 0 | AL37: 0 | AM37: 0 | AN37: 1 | AO37: 0 | AP37: 0 | AQ37: 0 | AR37: 1 | AS37: 男 | AT37: 40 | AV37: あり | AW37: なし | AX37: 人間 | AY37: 1 | BA37: TRUE | BB37: TRUE
A38: 0 | B38: 0 | C38: nszw26001_EtIIdDWLQa | D38: ja | E38: 2026-01-27_20-02-37 | F38: 2026-01-27_20-09-36 | G38: iframegid:conf/iframe/chatItoI_noname_js/index.html | H38: 同意する | I38: 理解しました | J38: AIとのチャットの様子を視聴する． | K38: あなた自身がユーザになったつもりでチャットの様子を視聴する | L38: チャット画面をスクロール，またはチャット画面右側に表示されるスクロールバーをドラッグすることでAIとのチャットを見返すことができる． | M38: AIへの印象の評価は，あまり深く考え込まずに自分が感じた印象で評価する． | N38: 0 | O38: 0 | P38: 0 | Q38: 0 | R38: 0 | S38: 0 | T38: 2 | U38: 0 | V38: 0 | W38: 8 | X38: 0 | Y38: 0 | Z38: 2 | AA38: 0 | AB38: 5 | AC38: 0 | AD38: 0 | AE38: 0 | AF38: 2 | AG38: 1 | AH38: 0 | AI38: 0 | AJ38: 0 | AK38: 0 | AL38: 0 | AM38: 0 | AN38: 1 | AO38: 0 | AP38: 0 | AQ38: 0 | AR38: 1 | AS38: 男 | AT38: 59 | AU38: AIのレベルが非常に低いと感じた | AV38: なし | AW38: なし | AX38: 人間 | AY38: 1 | BA38: TRUE | BB38: TRUE
A39: 0 | B39: 0 | C39: nszw26001_oWtJBmkFWo | D39: ja | E39: 2026-01-27_20-02-39 | F39: 2026-01-27_20-09-39 | G39: iframegid:conf/iframe/chatItoI_noname_js/index.html | H39: 同意する | I39: 理解しました | J39: AIとのチャットの様子を視聴する． | K39: あなた自身がユーザになったつもりでチャットの様子を視聴する | L39: チャット画面をスクロール，またはチャット画面右側に表示されるスクロールバーをドラッグすることでAIとのチャットを見返すことができる． | M39: AIへの印象の評価は，あまり深く考え込まずに自分が感じた印象で評価する． | N39: 6 | O39: 2 | P39: 0 | Q39: 0 | R39: 0 | S39: 2 | T39: 6 | U39: 0 | V39: 2 | W39: 2 | X39: 2 | Y39: 2 | Z39: 2 | AA39: 2 | AB39: 10 | AC39: 2 | AD39: 2 | AE39: 0 | AF39: 0 | AG39: 1 | AH39: 0 | AI39: 0 | AJ39: 0 | AK39: 1 | AL39: 1 | AM39: 0 | AN39: 0 | AO39: 0 | AP39: 0 | AQ39: 0 | AR39: 1 | AS39: 男 | AT39: 45 | AV39: なし | AW39: なし | AX39: 人間 | AY39: 1 | BA39: TRUE | BB39: TRUE
A40: 1 | B40: 1 | C40: nszw26001_Fx5qXU4Onc | D40: ja | E40: 2026-01-27_20-04-48 | F40: 2026-01-27_20-09-46 | G40: iframegid:conf/iframe/chatItoE_name_js/index.html | H40: 同意する | I40: 理解しました | J40: AIとのチャットの様子を視聴する． | K40: あなた自身がユーザになったつもりでチャットの様子を視聴する | L40: チャット画面をスクロール，またはチャット画面右側に表示されるスクロールバーをドラッグすることでAIとのチャットを見返すことができる． | M40: AIへの印象の評価は，あまり深く考え込まずに自分が感じた印象で評価する． | N40: 0 | O40: 0 | P40: 0 | Q40: 0 | R40: 0 | S40: 0 | T40: 10 | U40: 0 | V40: 0 | W40: 0 | X40: 0 | Y40: 0 | Z40: 0 | AA40: 0 | AB40: 5 | AC40: 0 | AD40: 0 | AE40: 0 | AF40: 0 | AG40: 0 | AH40: 0 | AI40: 1 | AJ40: 0 | AK40: 1 | AL40: 0 | AM40: 1 | AN40: 0 | AO40: 0 | AP40: 0 | AQ40: 0 | AR40: 1 | AS40: 男 | AT40: 36 | AU40: なし | AV40: あり | AW40: あり | AX40: 人間 | AY40: 1 | BA40: TRUE | BB40: TRUE
A41: 1 | B41: 0 | C41: nszw26001_u4f1FGxpi4 | D41: ja | E41: 2026-01-27_20-02-58 | F41: 2026-01-27_20-09-54 | G41: iframegid:conf/iframe/chatItoI_name_js/index.html | H41: 同意する | I41: 理解しました | J41: AIとのチャットの様子を視聴する． | K41: あなた自身がユーザになったつもりでチャットの様子を視聴する | L41: チャット画面をスクロール，またはチャット画面右側に表示されるスクロールバーをドラッグすることでAIとのチャットを見返すことができる． | M41: AIへの印象の評価は，あまり深く考え込まずに自分が感じた印象で評価する． | N41: 8 | O41: 9 | P41: 1 | Q41: 0 | R41: 2 | S41: 4 | T41: 3 | U41: 0 | V41: 2 | W41: 7 | X41: 1 | Y41: 0 | Z41: 7 | AA41: 4 | AB41: 1 | AC41: 2 | AD41: 2 | AE41: 0 | AF41: 0 | AG41: 1 | AH41: 0 | AI41: 0 | AJ41: 0 | AK41: 0 | AL41: 0 | AM41: 1 | AN41: 0 | AO41: 0 | AP41: 0 | AQ41: 0 | AR41: 1 | AS41: 男 | AT41: 37 | AU41: 興味深かい実験だった | AV41: なし | AW41: あり | AX41: 人間 | AY41: 1 | BA41: TRUE | BB41: TRUE
A42: 0 | B42: 0 | C42: nszw26001_iUENMFcsy7 | D42: ja | E42: 2026-01-27_20-02-34 | F42: 2026-01-27_20-09-56 | G42: iframegid:conf/iframe/chatItoI_noname_js/index.html | H42: 同意する | I42: 理解しました | J42: AIとのチャットの様子を視聴する． | K42: あなた自身がユーザになったつもりでチャットの様子を視聴する | L42: チャット画面をスクロール，またはチャット画面右側に表示されるスクロールバーをドラッグすることでAIとのチャットを見返すことができる． | M42: AIへの印象の評価は，あまり深く考え込まずに自分が感じた印象で評価する． | N42: 8 | O42: 6 | P42: 6 | Q42: 0 | R42: 2 | S42: 1 | T42: 4 | U42: 1 | V42: 2 | W42: 7 | X42: 0 | Y42: 0 | Z42: 4 | AA42: 2 | AB42: 6 | AC42: 3 | AD42: 2 | AE42: 0 | AF42: 2 | AG42: 1 | AH42: 0 | AI42: 0 | AJ42: 0 | AK42: 0 | AL42: 0 | AM42: 0 | AN42: 1 | AO42: 0 | AP42: 0 | AQ42: 0 | AR42: 1 | AS42: 男 | AT42: 60 | AV42: なし | AW42: なし | AX42: 人間 | AY42: 1 | BA42: TRUE | BB42: TRUE
A43: 0 | B43: 0 | C43: nszw26001_cfuRF0DvoD | D43: ja | E43: 2026-01-27_20-02-54 | F43: 2026-01-27_20-09-53 | G43: iframegid:conf/iframe/chatItoI_noname_js/index.html | H43: 同意する | I43: 理解しました | J43: AIとのチャットの様子を視聴する． | K43: あなた自身がユーザになったつもりでチャットの様子を視聴する | L43: チャット画面をスクロール，またはチャット画面右側に表示されるスクロールバーをドラッグすることでAIとのチャットを見返すことができる． | M43: AIへの印象の評価は，あまり深く考え込まずに自分が感じた印象で評価する． | N43: 2 | O43: 1 | P43: 4 | Q43: 3 | R43: 4 | S43: 2 | T43: 5 | U43: 3 | V43: 5 | W43: 5 | X43: 5 | Y43: 5 | Z43: 3 | AA43: 3 | AB43: 2 | AC43: 5 | AD43: 5 | AE43: 5 | AF43: 2 | AG43: 1 | AH43: 0 | AI43: 0 | AJ43: 0 | AK43: 0 | AL43: 0 | AM43: 0 | AN43: 1 | AO43: 0 | AP43: 0 | AQ43: 0 | AR43: 1 | AS43: 男 | AT43: 45 | AU43: 特になし | AV43: なし | AW43: なし | AX43: 人間 | AY43: 1 | BA43: TRUE | BB43: TRUE
A44: 0 | B44: 1 | C44: nszw26001_0rituDSLNH | D44: ja | E44: 2026-01-27_20-07-11 | F44: 2026-01-27_20-10-11 | G44: iframegid:conf/iframe/chatItoE_noname_js/index.html | H44: 同意する | I44: 理解しました | J44: AIとのチャットの様子を視聴する． | K44: あなた自身がユーザになったつもりでチャットの様子を視聴する | L44: チャット画面をスクロール，またはチャット画面右側に表示されるスクロールバーをドラッグすることでAIとのチャットを見返すことができる． | M44: AIへの印象の評価は，あまり深く考え込まずに自分が感じた印象で評価する． | N44: 7 | O44: 7 | P44: 4 | Q44: 4 | R44: 6 | S44: 4 | T44: 8 | U44: 4 | V44: 6 | W44: 6 | X44: 5 | Y44: 4 | Z44: 6 | AA44: 4 | AB44: 6 | AC44: 5 | AD44: 4 | AE44: 3 | AF44: 6 | AG44: 0 | AH44: 0 | AI44: 1 | AJ44: 0 | AK44: 0 | AL44: 0 | AM44: 0 | AN44: 1 | AO44: 0 | AP44: 0 | AQ44: 0 | AR44: 1 | AS44: 男 | AT44: 24 | AU44: AIとのやりとりは見ていて、面白かった。 | AV44: あり | AW44: なし | AX44: 人間 | AY44: 1 | BA44: TRUE | BB44: TRUE
A45: 0 | B45: 1 | C45: nszw26001_IgVtaPzHsX | D45: ja | E45: 2026-01-27_20-02-48 | F45: 2026-01-27_20-10-14 | G45: iframegid:conf/iframe/chatItoE_noname_js/index.html | H45: 同意する | I45: 理解しました | J45: AIとのチャットの様子を視聴する． | K45: あなた自身がユーザになったつもりでチャットの様子を視聴する | L45: チャット画面をスクロール，またはチャット画面右側に表示されるスクロールバーをドラッグすることでAIとのチャットを見返すことができる． | M45: AIへの印象の評価は，あまり深く考え込まずに自分が感じた印象で評価する． | N45: 2 | O45: 2 | P45: 2 | Q45: 2 | R45: 2 | S45: 2 | T45: 2 | U45: 1 | V45: 2 | W45: 2 | X45: 2 | Y45: 2 | Z45: 1 | AA45: 1 | AB45: 2 | AC45: 1 | AD45: 2 | AE45: 2 | AF45: 2 | AG45: 1 | AH45: 0 | AI45: 0 | AJ45: 0 | AK45: 0 | AL45: 0 | AM45: 0 | AN45: 1 | AO45: 0 | AP45: 0 | AQ45: 0 | AR45: 1 | AS45: 男 | AT45: 57 | AU45: 不思議なアンケートだった | AV45: あり | AW45: なし | AX45: 人間 | AY45: 1 | BA45: TRUE | BB45: TRUE
A46: 1 | B46: 0 | C46: nszw26001_eKIWQEKk3H | D46: ja | E46: 2026-01-27_20-02-33 | F46: 2026-01-27_20-10-32 | G46: iframegid:conf/iframe/chatItoI_name_js/index.html | H46: 同意する | I46: 理解しました | J46: AIとのチャットの様子を視聴する． | K46: あなた自身がユーザになったつもりでチャットの様子を視聴する | L46: チャット画面をスクロール，またはチャット画面右側に表示されるスクロールバーをドラッグすることでAIとのチャットを見返すことができる． | M46: AIへの印象の評価は，あまり深く考え込まずに自分が感じた印象で評価する． | N46: 8 | O46: 6 | P46: 0 | Q46: 0 | R46: 1 | S46: 5 | T46: 4 | U46: 1 | V46: 4 | W46: 5 | X46: 1 | Y46: 2 | Z46: 1 | AA46: 0 | AB46: 0 | AC46: 1 | AD46: 2 | AE46: 2 | AF46: 2 | AG46: 1 | AH46: 0 | AI46: 0 | AJ46: 0 | AK46: 0 | AL46: 0 | AM46: 1 | AN46: 0 | AO46: 0 | AP46: 0 | AQ46: 0 | AR46: 1 | AS46: 男 | AT46: 35 | AU46: ないです | AV46: なし | AW46: あり | AX46: 人間 | AY46: 1 | BA46: TRUE | BB46: TRUE
A47: 1 | B47: 0 | C47: nszw26001_MZwqJTEl3a | D47: ja | E47: 2026-01-27_20-02-53 | F47: 2026-01-27_20-10-51 | G47: iframegid:conf/iframe/chatItoI_name_js/index.html | H47: 同意する | I47: 理解しました | J47: AIとのチャットの様子を視聴する． | K47: あなた自身がユーザになったつもりでチャットの様子を視聴する | L47: チャット画面をスクロール，またはチャット画面右側に表示されるスクロールバーをドラッグすることでAIとのチャットを見返すことができる． | M47: AIへの印象の評価は，あまり深く考え込まずに自分が感じた印象で評価する． | N47: 2 | O47: 2 | P47: 2 | Q47: 2 | R47: 2 | S47: 2 | T47: 3 | U47: 2 | V47: 2 | W47: 2 | X47: 2 | Y47: 3 | Z47: 2 | AA47: 2 | AB47: 2 | AC47: 3 | AD47: 2 | AE47: 2 | AF47: 1 | AG47: 1 | AH47: 0 | AI47: 0 | AJ47: 0 | AK47: 0 | AL47: 0 | AM47: 1 | AN47: 0 | AO47: 0 | AP47: 0 | AQ47: 0 | AR47: 1 | AS47: 男 | AT47: 69 | AU47: AIはどうして間違いばかり表示したのか？ | AV47: なし | AW47: あり | AX47: 人間 | AY47: 1 | BA47: TRUE | BB47: TRUE
A48: 1 | B48: 1 | C48: nszw26001_241Wu7QcGx | D48: ja | E48: 2026-01-27_20-02-37 | F48: 2026-01-27_20-10-52 | G48: iframegid:conf/iframe/chatItoE_name_js/index.html | H48: 同意する | I48: 理解しました | J48: AIとのチャットの様子を視聴する． | K48: あなた自身がユーザになったつもりでチャットの様子を視聴する | L48: チャット画面をスクロール，またはチャット画面右側に表示されるスクロールバーをドラッグすることでAIとのチャットを見返すことができる． | M48: AIへの印象の評価は，あまり深く考え込まずに自分が感じた印象で評価する． | N48: 6 | O48: 6 | P48: 5 | Q48: 3 | R48: 3 | S48: 3 | T48: 3 | U48: 3 | V48: 3 | W48: 6 | X48: 3 | Y48: 3 | Z48: 4 | AA48: 4 | AB48: 6 | AC48: 4 | AD48: 3 | AE48: 3 | AF48: 3 | AG48: 1 | AH48: 0 | AI48: 0 | AJ48: 0 | AK48: 1 | AL48: 0 | AM48: 1 | AN48: 0 | AO48: 0 | AP48: 0 | AQ48: 0 | AR48: 1 | AS48: 男 | AT48: 57 | AU48: 歯がゆい | AV48: あり | AW48: あり | AX48: 人間 | AY48: 1 | BA48: TRUE | BB48: TRUE
A49: 0 | B49: 1 | C49: nszw26001_wV7agCRGn6 | D49: ja | E49: 2026-01-27_20-02-35 | F49: 2026-01-27_20-10-57 | G49: iframegid:conf/iframe/chatItoE_noname_js/index.html | H49: 同意する | I49: 理解しました | J49: AIとのチャットの様子を視聴する． | K49: あなた自身がユーザになったつもりでチャットの様子を視聴する | L49: チャット画面をスクロール，またはチャット画面右側に表示されるスクロールバーをドラッグすることでAIとのチャットを見返すことができる． | M49: AIへの印象の評価は，あまり深く考え込まずに自分が感じた印象で評価する． | N49: 5 | O49: 5 | P49: 3 | Q49: 2 | R49: 2 | S49: 5 | T49: 6 | U49: 1 | V49: 4 | W49: 4 | X49: 1 | Y49: 1 | Z49: 2 | AA49: 2 | AB49: 3 | AC49: 2 | AD49: 5 | AE49: 1 | AF49: 4 | AG49: 0 | AH49: 0 | AI49: 1 | AJ49: 0 | AK49: 0 | AL49: 0 | AM49: 0 | AN49: 1 | AO49: 0 | AP49: 0 | AQ49: 0 | AR49: 1 | AS49: 男 | AT49: 54 | AU49: 言うことを聞かないのでイライラしました | AV49: あり | AW49: なし | AX49: 人間 | AY49: 1 | BA49: TRUE | BB49: TRUE
A50: 1 | B50: 0 | C50: nszw26001_WYVBVLwE82 | D50: ja | E50: 2026-01-27_20-02-42 | F50: 2026-01-27_20-10-57 | G50: iframegid:conf/iframe/chatItoI_name_js/index.html | H50: 同意する | I50: 理解しました | J50: AIとのチャットの様子を視聴する． | K50: あなた自身がユーザになったつもりでチャットの様子を視聴する | L50: チャット画面をスクロール，またはチャット画面右側に表示されるスクロールバーをドラッグすることでAIとのチャットを見返すことができる． | M50: AIへの印象の評価は，あまり深く考え込まずに自分が感じた印象で評価する． | N50: 8 | O50: 8 | P50: 8 | Q50: 0 | R50: 0 | S50: 0 | T50: 5 | U50: 0 | V50: 5 | W50: 5 | X50: 0 | Y50: 0 | Z50: 6 | AA50: 5 | AB50: 0 | AC50: 5 | AD50: 0 | AE50: 0 | AF50: 0 | AG50: 1 | AH50: 0 | AI50: 0 | AJ50: 0 | AK50: 0 | AL50: 0 | AM50: 1 | AN50: 0 | AO50: 0 | AP50: 0 | AQ50: 0 | AR50: 1 | AS50: 男 | AT50: 66 | AU50: 操作しやすかった | AV50: なし | AW50: あり | AX50: 人間 | AY50: 1 | BA50: TRUE | BB50: TRUE
A51: 1 | B51: 0 | C51: nszw26001_HOzKWV49ES | D51: ja | E51: 2026-01-27_20-02-33 | F51: 2026-01-27_20-11-00 | G51: iframegid:conf/iframe/chatItoI_name_js/index.html | H51: 同意する | I51: 理解しました | J51: AIとのチャットの様子を視聴する． | K51: あなた自身がユーザになったつもりでチャットの様子を視聴する | L51: チャット画面をスクロール，またはチャット画面右側に表示されるスクロールバーをドラッグすることでAIとのチャットを見返すことができる． | M51: AIへの印象の評価は，あまり深く考え込まずに自分が感じた印象で評価する． | N51: 8 | O51: 8 | P51: 10 | Q51: 2 | R51: 6 | S51: 8 | T51: 8 | U51: 8 | V51: 10 | W51: 9 | X51: 5 | Y51: 8 | Z51: 8 | AA51: 8 | AB51: 8 | AC51: 8 | AD51: 8 | AE51: 4 | AF51: 0 | AG51: 1 | AH51: 0 | AI51: 0 | AJ51: 0 | AK51: 0 | AL51: 0 | AM51: 1 | AN51: 0 | AO51: 0 | AP51: 0 | AQ51: 0 | AR51: 1 | AS51: 男 | AT51: 46 | AU51: AIが思うように反応してくれないことがたまにあるので”あるあるｗ”と苦笑いしながら進めました。 | AV51: なし | AW51: あり | AX51: 人間 | AY51: 1 | BA51: TRUE | BB51: TRUE
A52: 0 | B52: 0 | C52: nszw26001_xoid8wPAvW | D52: ja | E52: 2026-01-27_20-02-34 | F52: 2026-01-27_20-11-00 | G52: iframegid:conf/iframe/chatItoI_noname_js/index.html | H52: 同意する | I52: 理解しました | J52: AIとのチャットの様子を視聴する． | K52: あなた自身がユーザになったつもりでチャットの様子を視聴する | L52: チャット画面をスクロール，またはチャット画面右側に表示されるスクロールバーをドラッグすることでAIとのチャットを見返すことができる． | M52: AIへの印象の評価は，あまり深く考え込まずに自分が感じた印象で評価する． | N52: 3 | O52: 6 | P52: 6 | Q52: 4 | R52: 6 | S52: 6 | T52: 7 | U52: 6 | V52: 3 | W52: 6 | X52: 4 | Y52: 6 | Z52: 4 | AA52: 6 | AB52: 3 | AC52: 4 | AD52: 4 | AE52: 6 | AF52: 4 | AG52: 1 | AH52: 0 | AI52: 0 | AJ52: 0 | AK52: 0 | AL52: 0 | AM52: 0 | AN52: 1 | AO52: 0 | AP52: 0 | AQ52: 0 | AR52: 1 | AS52: 男 | AT52: 41 | AU52: AIが上手く作業をできなくてもどかしかったです。 | AV52: なし | AW52: なし | AX52: 人間 | AY52: 1 | BA52: TRUE | BB52: TRUE
A53: 0 | B53: 0 | C53: nszw26001_Ye47fhPu3p | D53: ja | E53: 2026-01-27_20-03-32 | F53: 2026-01-27_20-11-12 | G53: iframegid:conf/iframe/chatItoI_noname_js/index.html | H53: 同意する | I53: 理解しました | J53: AIとのチャットの様子を視聴する． | K53: あなた自身がユーザになったつもりでチャットの様子を視聴する | L53: チャット画面をスクロール，またはチャット画面右側に表示されるスクロールバーをドラッグすることでAIとのチャットを見返すことができる． | M53: AIへの印象の評価は，あまり深く考え込まずに自分が感じた印象で評価する． | N53: 3 | O53: 4 | P53: 3 | Q53: 3 | R53: 2 | S53: 2 | T53: 4 | U53: 2 | V53: 3 | W53: 2 | X53: 2 | Y53: 2 | Z53: 3 | AA53: 3 | AB53: 3 | AC53: 2 | AD53: 3 | AE53: 3 | AF53: 4 | AG53: 1 | AH53: 0 | AI53: 0 | AJ53: 0 | AK53: 0 | AL53: 0 | AM53: 0 | AN53: 1 | AO53: 0 | AP53: 0 | AQ53: 0 | AR53: 1 | AS53: 男 | AT53: 35 | AV53: なし | AW53: なし | AX53: 人間 | AY53: 1 | BA53: TRUE | BB53: TRUE
A54: 1 | B54: 1 | C54: nszw26001_mD9v9AmazS | D54: ja | E54: 2026-01-27_20-06-00 | F54: 2026-01-27_20-11-17 | G54: iframegid:conf/iframe/chatItoE_name_js/index.html | H54: 同意する | I54: 理解しました | J54: AIとのチャットの様子を視聴する． | K54: あなた自身がユーザになったつもりでチャットの様子を視聴する | L54: チャット画面をスクロール，またはチャット画面右側に表示されるスクロールバーをドラッグすることでAIとのチャットを見返すことができる． | M54: AIへの印象の評価は，あまり深く考え込まずに自分が感じた印象で評価する． | N54: 2 | O54: 2 | P54: 1 | Q54: 1 | R54: 2 | S54: 2 | T54: 6 | U54: 0 | V54: 1 | W54: 5 | X54: 1 | Y54: 1 | Z54: 1 | AA54: 1 | AB54: 5 | AC54: 1 | AD54: 3 | AE54: 0 | AF54: 2 | AG54: 1 | AH54: 0 | AI54: 0 | AJ54: 0 | AK54: 1 | AL54: 0 | AM54: 1 | AN54: 0 | AO54: 0 | AP54: 0 | AQ54: 0 | AR54: 1 | AS54: 男 | AT54: 47 | AV54: あり | AW54: あり | AX54: 人間 | AY54: 1 | BA54: TRUE | BB54: TRUE
A55: 0 | B55: 1 | C55: nszw26001_uUt2Dog4vC | D55: ja | E55: 2026-01-27_20-05-58 | F55: 2026-01-27_20-11-22 | G55: iframegid:conf/iframe/chatItoE_noname_js/index.html | H55: 同意する | I55: 理解しました | J55: AIとのチャットの様子を視聴する． | K55: あなた自身がユーザになったつもりでチャットの様子を視聴する | L55: チャット画面をスクロール，またはチャット画面右側に表示されるスクロールバーをドラッグすることでAIとのチャットを見返すことができる． | M55: AIへの印象の評価は，あまり深く考え込まずに自分が感じた印象で評価する． | N55: 3 | O55: 2 | P55: 0 | Q55: 0 | R55: 0 | S55: 0 | T55: 0 | U55: 0 | V55: 0 | W55: 7 | X55: 0 | Y55: 0 | Z55: 0 | AA55: 0 | AB55: 0 | AC55: 0 | AD55: 0 | AE55: 0 | AF55: 0 | AG55: 1 | AH55: 0 | AI55: 0 | AJ55: 0 | AK55: 0 | AL55: 0 | AM55: 0 | AN55: 1 | AO55: 0 | AP55: 0 | AQ55: 0 | AR55: 1 | AS55: 男 | AT55: 50 | AU55: なし | AV55: あり | AW55: なし | AX55: 人間 | AY55: 1 | BA55: TRUE | BB55: TRUE
A56: 0 | B56: 1 | C56: nszw26001_8a6XDhs6zg | D56: ja | E56: 2026-01-27_20-02-30 | F56: 2026-01-27_20-11-32 | G56: iframegid:conf/iframe/chatItoE_noname_js/index.html | H56: 同意する | I56: 理解しました | J56: AIとのチャットの様子を視聴する． | K56: あなた自身がユーザになったつもりでチャットの様子を視聴する | L56: チャット画面をスクロール，またはチャット画面右側に表示されるスクロールバーをドラッグすることでAIとのチャットを見返すことができる． | M56: AIへの印象の評価は，あまり深く考え込まずに自分が感じた印象で評価する． | N56: 2 | O56: 1 | P56: 1 | Q56: 0 | R56: 2 | S56: 2 | T56: 6 | U56: 1 | V56: 0 | W56: 6 | X56: 2 | Y56: 1 | Z56: 0 | AA56: 1 | AB56: 0 | AC56: 2 | AD56: 4 | AE56: 1 | AF56: 1 | AG56: 1 | AH56: 0 | AI56: 0 | AJ56: 0 | AK56: 0 | AL56: 0 | AM56: 0 | AN56: 1 | AO56: 0 | AP56: 0 | AQ56: 0 | AR56: 1 | AS56: 男 | AT56: 45 | AU56: 特になし | AV56: あり | AW56: なし | AX56: 人間 | AY56: 1 | BA56: TRUE | BB56: TRUE
A57: 1 | B57: 1 | C57: nszw26001_AarrCBxO9L | D57: ja | E57: 2026-01-27_20-02-40 | F57: 2026-01-27_20-11-45 | G57: iframegid:conf/iframe/chatItoE_name_js/index.html | H57: 同意する | I57: 理解しました | J57: AIとのチャットの様子を視聴する． | K57: あなた自身がユーザになったつもりでチャットの様子を視聴する | L57: チャット画面をスクロール，またはチャット画面右側に表示されるスクロールバーをドラッグすることでAIとのチャットを見返すことができる． | M57: AIへの印象の評価は，あまり深く考え込まずに自分が感じた印象で評価する． | N57: 4 | O57: 7 | P57: 2 | Q57: 3 | R57: 3 | S57: 2 | T57: 4 | U57: 1 | V57: 4 | W57: 7 | X57: 3 | Y57: 3 | Z57: 3 | AA57: 4 | AB57: 6 | AC57: 4 | AD57: 6 | AE57: 5 | AF57: 4 | AG57: 0 | AH57: 0 | AI57: 1 | AJ57: 0 | AK57: 1 | AL57: 0 | AM57: 1 | AN57: 0 | AO57: 0 | AP57: 0 | AQ57: 0 | AR57: 1 | AS57: 男 | AT57: 46 | AV57: あり | AW57: あり | AX57: 人間 | AY57: 1 | BA57: TRUE | BB57: TRUE
A58: 0 | B58: 1 | C58: nszw26001_bKvow9BBaB | D58: ja | E58: 2026-01-27_20-02-46 | F58: 2026-01-27_20-11-53 | G58: iframegid:conf/iframe/chatItoE_noname_js/index.html | H58: 同意する | I58: 理解しました | J58: AIとのチャットの様子を視聴する． | K58: あなた自身がユーザになったつもりでチャットの様子を視聴する | L58: チャット画面をスクロール，またはチャット画面右側に表示されるスクロールバーをドラッグすることでAIとのチャットを見返すことができる． | M58: AIへの印象の評価は，あまり深く考え込まずに自分が感じた印象で評価する． | N58: 6 | O58: 6 | P58: 4 | Q58: 2 | R58: 2 | S58: 6 | T58: 4 | U58: 0 | V58: 1 | W58: 6 | X58: 2 | Y58: 4 | Z58: 5 | AA58: 5 | AB58: 4 | AC58: 2 | AD58: 5 | AE58: 1 | AF58: 3 | AG58: 1 | AH58: 0 | AI58: 0 | AJ58: 0 | AK58: 0 | AL58: 0 | AM58: 0 | AN58: 1 | AO58: 0 | AP58: 0 | AQ58: 0 | AR58: 1 | AS58: 男 | AT58: 48 | AU58: AIが無能すぎる | AV58: あり | AW58: なし | AX58: 人間 | AY58: 1 | BA58: TRUE | BB58: TRUE
A59: 0 | B59: 0 | C59: nszw26001_BurOikem1i | D59: ja | E59: 2026-01-27_20-03-13 | F59: 2026-01-27_20-12-19 | G59: iframegid:conf/iframe/chatItoI_noname_js/index.html | H59: 同意する | I59: 理解しました | J59: AIとのチャットの様子を視聴する． | K59: あなた自身がユーザになったつもりでチャットの様子を視聴する | L59: チャット画面をスクロール，またはチャット画面右側に表示されるスクロールバーをドラッグすることでAIとのチャットを見返すことができる． | M59: AIへの印象の評価は，あまり深く考え込まずに自分が感じた印象で評価する． | N59: 4 | O59: 4 | P59: 5 | Q59: 0 | R59: 2 | S59: 2 | T59: 1 | U59: 0 | V59: 1 | W59: 2 | X59: 2 | Y59: 2 | Z59: 2 | AA59: 1 | AB59: 1 | AC59: 2 | AD59: 2 | AE59: 0 | AF59: 1 | AG59: 1 | AH59: 0 | AI59: 0 | AJ59: 0 | AK59: 0 | AL59: 0 | AM59: 0 | AN59: 1 | AO59: 0 | AP59: 0 | AQ59: 0 | AR59: 1 | AS59: 男 | AT59: 71歳以上 | AU59: 興味深かった | AV59: なし | AW59: なし | AX59: 人間 | AY59: 1 | BA59: TRUE | BB59: TRUE
A60: 0 | B60: 1 | C60: nszw26001_4zHbkuPbam | D60: ja | E60: 2026-01-27_20-02-43 | F60: 2026-01-27_20-12-25 | G60: iframegid:conf/iframe/chatItoE_noname_js/index.html | H60: 同意する | I60: 理解しました | J60: AIとのチャットの様子を視聴する． | K60: あなた自身がユーザになったつもりでチャットの様子を視聴する | L60: チャット画面をスクロール，またはチャット画面右側に表示されるスクロールバーをドラッグすることでAIとのチャットを見返すことができる． | M60: AIへの印象の評価は，あまり深く考え込まずに自分が感じた印象で評価する． | N60: 7 | O60: 7 | P60: 2 | Q60: 0 | R60: 3 | S60: 3 | T60: 5 | U60: 2 | V60: 2 | W60: 7 | X60: 0 | Y60: 1 | Z60: 3 | AA60: 2 | AB60: 2 | AC60: 2 | AD60: 3 | AE60: 1 | AF60: 3 | AG60: 0 | AH60: 0 | AI60: 1 | AJ60: 0 | AK60: 0 | AL60: 0 | AM60: 0 | AN60: 1 | AO60: 0 | AP60: 0 | AQ60: 0 | AR60: 1 | AS60: 男 | AT60: 56 | AU60: 特にありません。 | AV60: あり | AW60: なし | AX60: 人間 | AY60: 1 | BA60: TRUE | BB60: TRUE
A61: 1 | B61: 0 | C61: nszw26001_Cp1TxPv7zw | D61: ja | E61: 2026-01-27_20-02-34 | F61: 2026-01-27_20-13-06 | G61: iframegid:conf/iframe/chatItoI_name_js/index.html | H61: 同意する | I61: 理解しました | J61: AIとのチャットの様子を視聴する． | K61: あなた自身がユーザになったつもりでチャットの様子を視聴する | L61: チャット画面をスクロール，またはチャット画面右側に表示されるスクロールバーをドラッグすることでAIとのチャットを見返すことができる． | M61: AIへの印象の評価は，あまり深く考え込まずに自分が感じた印象で評価する． | N61: 5 | O61: 5 | P61: 4 | Q61: 4 | R61: 4 | S61: 4 | T61: 5 | U61: 4 | V61: 4 | W61: 4 | X61: 5 | Y61: 6 | Z61: 6 | AA61: 5 | AB61: 4 | AC61: 5 | AD61: 7 | AE61: 4 | AF61: 4 | AG61: 1 | AH61: 0 | AI61: 0 | AJ61: 0 | AK61: 0 | AL61: 0 | AM61: 1 | AN61: 0 | AO61: 0 | AP61: 0 | AQ61: 0 | AR61: 1 | AS61: 男 | AT61: 48 | AU61: AIとのチャットの様子の閲覧から次のページに進むタイミングが分かりずらかった。 | AV61: なし | AW61: あり | AX61: 人間 | AY61: 1 | BA61: TRUE | BB61: TRUE
A62: 1 | B62: 0 | C62: nszw26001_4uJTE4IFXc | D62: ja | E62: 2026-01-27_20-03-21 | F62: 2026-01-27_20-13-25 | G62: iframegid:conf/iframe/chatItoI_name_js/index.html | H62: 同意する | I62: 理解しました | J62: AIとのチャットの様子を視聴する． | K62: あなた自身がユーザになったつもりでチャットの様子を視聴する | L62: チャット画面をスクロール，またはチャット画面右側に表示されるスクロールバーをドラッグすることでAIとのチャットを見返すことができる． | M62: AIへの印象の評価は，あまり深く考え込まずに自分が感じた印象で評価する． | N62: 6 | O62: 6 | P62: 3 | Q62: 1 | R62: 3 | S62: 3 | T62: 5 | U62: 1 | V62: 4 | W62: 6 | X62: 2 | Y62: 2 | Z62: 4 | AA62: 4 | AB62: 5 | AC62: 3 | AD62: 5 | AE62: 2 | AF62: 3 | AG62: 1 | AH62: 0 | AI62: 0 | AJ62: 0 | AK62: 0 | AL62: 0 | AM62: 1 | AN62: 0 | AO62: 0 | AP62: 0 | AQ62: 0 | AR62: 1 | AS62: 男 | AT62: 50 | AV62: なし | AW62: あり | AX62: 人間 | AY62: 1 | BA62: TRUE | BB62: TRUE
A63: 0 | B63: 1 | C63: nszw26001_kF6UQSuQkd | D63: ja | E63: 2026-01-27_20-02-36 | F63: 2026-01-27_20-13-31 | G63: iframegid:conf/iframe/chatItoE_noname_js/index.html | H63: 同意する | I63: 理解しました | J63: AIとのチャットの様子を視聴する． | K63: あなた自身がユーザになったつもりでチャットの様子を視聴する | L63: チャット画面をスクロール，またはチャット画面右側に表示されるスクロールバーをドラッグすることでAIとのチャットを見返すことができる． | M63: AIへの印象の評価は，あまり深く考え込まずに自分が感じた印象で評価する． | N63: 7 | O63: 6 | P63: 2 | Q63: 0 | R63: 0 | S63: 2 | T63: 0 | U63: 0 | V63: 0 | W63: 3 | X63: 0 | Y63: 0 | Z63: 2 | AA63: 2 | AB63: 0 | AC63: 0 | AD63: 3 | AE63: 0 | AF63: 3 | AG63: 0 | AH63: 0 | AI63: 0 | AJ63: 1 | AK63: 0 | AL63: 0 | AM63: 0 | AN63: 1 | AO63: 0 | AP63: 0 | AQ63: 0 | AR63: 1 | AS63: 男 | AT63: 57 | AU63: すべてにＡＩが課題をできるとは思えない | AV63: あり | AW63: なし | AX63: 人間 | AY63: 1 | BA63: TRUE | BB63: TRUE
A64: 0 | B64: 1 | C64: nszw26001_UNVnl963dL | D64: ja | E64: 2026-01-27_20-02-38 | F64: 2026-01-27_20-13-33 | G64: iframegid:conf/iframe/chatItoE_noname_js/index.html | H64: 同意する | I64: 理解しました | J64: AIとのチャットの様子を視聴する． | K64: あなた自身がユーザになったつもりでチャットの様子を視聴する | L64: チャット画面をスクロール，またはチャット画面右側に表示されるスクロールバーをドラッグすることでAIとのチャットを見返すことができる． | M64: AIへの印象の評価は，あまり深く考え込まずに自分が感じた印象で評価する． | N64: 8 | O64: 8 | P64: 7 | Q64: 3 | R64: 4 | S64: 4 | T64: 9 | U64: 0 | V64: 5 | W64: 10 | X64: 2 | Y64: 6 | Z64: 2 | AA64: 7 | AB64: 3 | AC64: 7 | AD64: 6 | AE64: 1 | AF64: 2 | AG64: 0 | AH64: 0 | AI64: 1 | AJ64: 0 | AK64: 0 | AL64: 0 | AM64: 0 | AN64: 1 | AO64: 0 | AP64: 0 | AQ64: 0 | AR64: 1 | AS64: 男 | AT64: 56 | AU64: 興味深い実験でした | AV64: あり | AW64: なし | AX64: 人間 | AY64: 1 | BA64: TRUE | BB64: TRUE
A65: 1 | B65: 0 | C65: nszw26001_4b3h4M0IV5 | D65: ja | E65: 2026-01-27_20-02-34 | F65: 2026-01-27_20-13-40 | G65: iframegid:conf/iframe/chatItoI_name_js/index.html | H65: 同意する | I65: 理解しました | J65: AIとのチャットの様子を視聴する． | K65: あなた自身がユーザになったつもりでチャットの様子を視聴する | L65: チャット画面をスクロール，またはチャット画面右側に表示されるスクロールバーをドラッグすることでAIとのチャットを見返すことができる． | M65: AIへの印象の評価は，あまり深く考え込まずに自分が感じた印象で評価する． | N65: 2 | O65: 2 | P65: 1 | Q65: 0 | R65: 2 | S65: 5 | T65: 2 | U65: 0 | V65: 1 | W65: 6 | X65: 1 | Y65: 3 | Z65: 7 | AA65: 6 | AB65: 6 | AC65: 5 | AD65: 4 | AE65: 0 | AF65: 0 | AG65: 1 | AH65: 0 | AI65: 0 | AJ65: 0 | AK65: 0 | AL65: 0 | AM65: 1 | AN65: 0 | AO65: 0 | AP65: 0 | AQ65: 0 | AR65: 1 | AS65: 男 | AT65: 54 | AU65: こんなAIばかりではないと思う。 | AV65: なし | AW65: あり | AX65: 人間 | AY65: 1 | BA65: TRUE | BB65: TRUE
A66: 1 | B66: 1 | C66: nszw26001_1tsXEUeACp | D66: ja | E66: 2026-01-27_20-02-42 | F66: 2026-01-27_20-13-43 | G66: iframegid:conf/iframe/chatItoE_name_js/index.html | H66: 同意する | I66: 理解しました | J66: AIとのチャットの様子を視聴する． | K66: あなた自身がユーザになったつもりでチャットの様子を視聴する | L66: チャット画面をスクロール，またはチャット画面右側に表示されるスクロールバーをドラッグすることでAIとのチャットを見返すことができる． | M66: AIへの印象の評価は，あまり深く考え込まずに自分が感じた印象で評価する． | N66: 8 | O66: 8 | P66: 8 | Q66: 3 | R66: 7 | S66: 8 | T66: 7 | U66: 1 | V66: 8 | W66: 8 | X66: 5 | Y66: 7 | Z66: 7 | AA66: 6 | AB66: 5 | AC66: 6 | AD66: 7 | AE66: 3 | AF66: 4 | AG66: 0 | AH66: 0 | AI66: 1 | AJ66: 0 | AK66: 1 | AL66: 0 | AM66: 1 | AN66: 0 | AO66: 0 | AP66: 0 | AQ66: 0 | AR66: 1 | AS66: 男 | AT66: 48 | AU66: 記入漏れの有無は自動チェックにしてほしい | AV66: あり | AW66: あり | AX66: 人間 | AY66: 1 | BA66: TRUE | BB66: TRUE
A67: 0 | B67: 1 | C67: nszw26001_TOPRFdtOo6 | D67: ja | E67: 2026-01-27_20-03-19 | F67: 2026-01-27_20-14-14 | G67: iframegid:conf/iframe/chatItoE_noname_js/index.html | H67: 同意する | I67: 理解しました | J67: AIとのチャットの様子を視聴する． | K67: あなた自身がユーザになったつもりでチャットの様子を視聴する | L67: チャット画面をスクロール，またはチャット画面右側に表示されるスクロールバーをドラッグすることでAIとのチャットを見返すことができる． | M67: AIへの印象の評価は，あまり深く考え込まずに自分が感じた印象で評価する． | N67: 7 | O67: 7 | P67: 0 | Q67: 0 | R67: 0 | S67: 5 | T67: 7 | U67: 0 | V67: 5 | W67: 5 | X67: 0 | Y67: 0 | Z67: 0 | AA67: 0 | AB67: 5 | AC67: 0 | AD67: 5 | AE67: 0 | AF67: 3 | AG67: 1 | AH67: 0 | AI67: 0 | AJ67: 0 | AK67: 0 | AL67: 0 | AM67: 0 | AN67: 1 | AO67: 0 | AP67: 0 | AQ67: 0 | AR67: 1 | AS67: 男 | AT67: 45 | AU67: 少し難しかったです。 | AV67: あり | AW67: なし | AX67: 人間 | AY67: 1 | BA67: TRUE | BB67: TRUE
A68: 0 | B68: 0 | C68: nszw26001_FWUi0V16DQ | D68: ja | E68: 2026-01-27_20-02-48 | F68: 2026-01-27_20-14-30 | G68: iframegid:conf/iframe/chatItoI_noname_js/index.html | H68: 同意する | I68: 理解しました | J68: AIとのチャットの様子を視聴する． | K68: あなた自身がユーザになったつもりでチャットの様子を視聴する | L68: チャット画面をスクロール，またはチャット画面右側に表示されるスクロールバーをドラッグすることでAIとのチャットを見返すことができる． | M68: AIへの印象の評価は，あまり深く考え込まずに自分が感じた印象で評価する． | N68: 6 | O68: 6 | P68: 5 | Q68: 5 | R68: 5 | S68: 4 | T68: 6 | U68: 6 | V68: 7 | W68: 7 | X68: 5 | Y68: 6 | Z68: 6 | AA68: 6 | AB68: 6 | AC68: 6 | AD68: 5 | AE68: 6 | AF68: 7 | AG68: 0 | AH68: 0 | AI68: 0 | AJ68: 1 | AK68: 0 | AL68: 0 | AM68: 0 | AN68: 1 | AO68: 0 | AP68: 0 | AQ68: 0 | AR68: 1 | AS68: 男 | AT68: 57 | AU68: 興味深い | AV68: なし | AW68: なし | AX68: 人間 | AY68: 1 | BA68: TRUE | BB68: TRUE
A69: 1 | B69: 1 | C69: nszw26001_96eu4tfdp1 | D69: ja | E69: 2026-01-27_20-02-38 | F69: 2026-01-27_20-14-43 | G69: iframegid:conf/iframe/chatItoE_name_js/index.html | H69: 同意する | I69: 理解しました | J69: AIとのチャットの様子を視聴する． | K69: あなた自身がユーザになったつもりでチャットの様子を視聴する | L69: チャット画面をスクロール，またはチャット画面右側に表示されるスクロールバーをドラッグすることでAIとのチャットを見返すことができる． | M69: AIへの印象の評価は，あまり深く考え込まずに自分が感じた印象で評価する． | N69: 8 | O69: 7 | P69: 8 | Q69: 8 | R69: 8 | S69: 7 | T69: 6 | U69: 6 | V69: 7 | W69: 6 | X69: 7 | Y69: 9 | Z69: 5 | AA69: 7 | AB69: 6 | AC69: 7 | AD69: 9 | AE69: 6 | AF69: 3 | AG69: 1 | AH69: 0 | AI69: 0 | AJ69: 0 | AK69: 1 | AL69: 0 | AM69: 1 | AN69: 0 | AO69: 0 | AP69: 0 | AQ69: 0 | AR69: 1 | AS69: 男 | AT69: 49 | AU69: AIを人間のような存在として感じました。ゆえにミスしても悪い感情は出ませんでした。 | AV69: あり | AW69: あり | AX69: 人間 | AY69: 1 | BA69: TRUE | BB69: TRUE
A70: 0 | B70: 1 | C70: nszw26001_Qt3NlBrcM8 | D70: ja | E70: 2026-01-27_20-02-43 | F70: 2026-01-27_20-14-56 | G70: iframegid:conf/iframe/chatItoE_noname_js/index.html | H70: 同意する | I70: 理解しました | J70: AIとのチャットの様子を視聴する． | K70: あなた自身がユーザになったつもりでチャットの様子を視聴する | L70: チャット画面をスクロール，またはチャット画面右側に表示されるスクロールバーをドラッグすることでAIとのチャットを見返すことができる． | M70: AIへの印象の評価は，あまり深く考え込まずに自分が感じた印象で評価する． | N70: 7 | O70: 8 | P70: 3 | Q70: 2 | R70: 3 | S70: 3 | T70: 8 | U70: 3 | V70: 6 | W70: 8 | X70: 3 | Y70: 4 | Z70: 3 | AA70: 2 | AB70: 3 | AC70: 3 | AD70: 6 | AE70: 3 | AF70: 7 | AG70: 0 | AH70: 0 | AI70: 1 | AJ70: 0 | AK70: 0 | AL70: 0 | AM70: 0 | AN70: 1 | AO70: 0 | AP70: 0 | AQ70: 0 | AR70: 1 | AS70: 男 | AT70: 47 | AU70: まだ不完全だが生成AI技術は大きく進歩しているように感じた | AV70: あり | AW70: なし | AX70: 人間 | AY70: 1 | BA70: TRUE | BB70: TRUE
A71: 1 | B71: 0 | C71: nszw26001_rXCdpWlZxa | D71: ja | E71: 2026-01-27_20-09-12 | F71: 2026-01-27_20-15-01 | G71: iframegid:conf/iframe/chatItoI_name_js/index.html | H71: 同意する | I71: 理解しました | J71: AIとのチャットの様子を視聴する． | K71: あなた自身がユーザになったつもりでチャットの様子を視聴する | L71: チャット画面をスクロール，またはチャット画面右側に表示されるスクロールバーをドラッグすることでAIとのチャットを見返すことができる． | M71: AIへの印象の評価は，あまり深く考え込まずに自分が感じた印象で評価する． | N71: 5 | O71: 5 | P71: 5 | Q71: 5 | R71: 5 | S71: 5 | T71: 5 | U71: 5 | V71: 5 | W71: 5 | X71: 6 | Y71: 5 | Z71: 6 | AA71: 5 | AB71: 6 | AC71: 6 | AD71: 7 | AE71: 5 | AF71: 6 | AG71: 1 | AH71: 0 | AI71: 0 | AJ71: 0 | AK71: 0 | AL71: 0 | AM71: 1 | AN71: 0 | AO71: 0 | AP71: 0 | AQ71: 0 | AR71: 1 | AS71: 男 | AT71: 54 | AU71: なし | AV71: なし | AW71: あり | AX71: 人間 | AY71: 1 | BA71: TRUE | BB71: TRUE
A72: 0 | B72: 0 | C72: nszw26001_hnqdpq5uDX | D72: ja | E72: 2026-01-27_20-02-40 | F72: 2026-01-27_20-16-21 | G72: iframegid:conf/iframe/chatItoI_noname_js/index.html | H72: 同意する | I72: 理解しました | J72: AIとのチャットの様子を視聴する． | K72: あなた自身がユーザになったつもりでチャットの様子を視聴する | L72: チャット画面をスクロール，またはチャット画面右側に表示されるスクロールバーをドラッグすることでAIとのチャットを見返すことができる． | M72: AIへの印象の評価は，あまり深く考え込まずに自分が感じた印象で評価する． | N72: 5 | O72: 4 | P72: 4 | Q72: 1 | R72: 5 | S72: 5 | T72: 2 | U72: 0 | V72: 1 | W72: 5 | X72: 5 | Y72: 4 | Z72: 7 | AA72: 7 | AB72: 3 | AC72: 5 | AD72: 5 | AE72: 1 | AF72: 0 | AG72: 1 | AH72: 0 | AI72: 0 | AJ72: 0 | AK72: 0 | AL72: 0 | AM72: 0 | AN72: 1 | AO72: 0 | AP72: 0 | AQ72: 0 | AR72: 1 | AS72: 答えたくない | AT72: 56 | AU72: あてにならないAIでもここまでだめなのはなさそう。 | AV72: なし | AW72: なし | AX72: 人間 | AY72: 1 | BA72: TRUE | BB72: TRUE
A73: 1 | B73: 0 | C73: nszw26001_4ZRB84Gf4L | D73: ja | E73: 2026-01-27_20-09-40 | F73: 2026-01-27_20-17-28 | G73: iframegid:conf/iframe/chatItoI_name_js/index.html | H73: 同意する | I73: 理解しました | J73: AIとのチャットの様子を視聴する． | K73: あなた自身がユーザになったつもりでチャットの様子を視聴する | L73: チャット画面をスクロール，またはチャット画面右側に表示されるスクロールバーをドラッグすることでAIとのチャットを見返すことができる． | M73: AIへの印象の評価は，あまり深く考え込まずに自分が感じた印象で評価する． | N73: 6 | O73: 5 | P73: 3 | Q73: 1 | R73: 2 | S73: 2 | T73: 7 | U73: 0 | V73: 2 | W73: 6 | X73: 0 | Y73: 0 | Z73: 3 | AA73: 0 | AB73: 6 | AC73: 0 | AD73: 1 | AE73: 0 | AF73: 0 | AG73: 1 | AH73: 0 | AI73: 0 | AJ73: 0 | AK73: 0 | AL73: 0 | AM73: 1 | AN73: 0 | AO73: 0 | AP73: 0 | AQ73: 0 | AR73: 1 | AS73: 答えたくない | AT73: 45 | AV73: なし | AW73: あり | AX73: 人間 | AY73: 1 | BA73: TRUE | BB73: TRUE
A74: 0 | B74: 0 | C74: nszw26001_wmr7BbTroj | D74: ja | E74: 2026-01-27_20-09-37 | F74: 2026-01-27_20-17-37 | G74: iframegid:conf/iframe/chatItoI_noname_js/index.html | H74: 同意する | I74: 理解しました | J74: AIとのチャットの様子を視聴する． | K74: あなた自身がユーザになったつもりでチャットの様子を視聴する | L74: チャット画面をスクロール，またはチャット画面右側に表示されるスクロールバーをドラッグすることでAIとのチャットを見返すことができる． | M74: AIへの印象の評価は，あまり深く考え込まずに自分が感じた印象で評価する． | N74: 6 | O74: 6 | P74: 6 | Q74: 3 | R74: 3 | S74: 4 | T74: 5 | U74: 3 | V74: 4 | W74: 4 | X74: 4 | Y74: 4 | Z74: 4 | AA74: 5 | AB74: 5 | AC74: 4 | AD74: 5 | AE74: 4 | AF74: 5 | AG74: 0 | AH74: 0 | AI74: 0 | AJ74: 1 | AK74: 0 | AL74: 0 | AM74: 0 | AN74: 1 | AO74: 0 | AP74: 0 | AQ74: 0 | AR74: 1 | AS74: 男 | AT74: 46 | AU74: 特にありません<br> | AV74: なし | AW74: なし | AX74: 人間 | AY74: 1 | BA74: TRUE | BB74: TRUE
A75: 1 | B75: 1 | C75: nszw26001_2hoooqlADY | D75: ja | E75: 2026-01-27_20-08-43 | F75: 2026-01-27_20-18-00 | G75: iframegid:conf/iframe/chatItoE_name_js/index.html | H75: 同意する | I75: 理解しました | J75: AIとのチャットの様子を視聴する． | K75: あなた自身がユーザになったつもりでチャットの様子を視聴する | L75: チャット画面をスクロール，またはチャット画面右側に表示されるスクロールバーをドラッグすることでAIとのチャットを見返すことができる． | M75: AIへの印象の評価は，あまり深く考え込まずに自分が感じた印象で評価する． | N75: 6 | O75: 7 | P75: 3 | Q75: 1 | R75: 2 | S75: 2 | T75: 6 | U75: 0 | V75: 3 | W75: 6 | X75: 2 | Y75: 2 | Z75: 2 | AA75: 1 | AB75: 1 | AC75: 4 | AD75: 7 | AE75: 3 | AF75: 6 | AG75: 0 | AH75: 0 | AI75: 1 | AJ75: 0 | AK75: 1 | AL75: 0 | AM75: 1 | AN75: 0 | AO75: 0 | AP75: 0 | AQ75: 0 | AR75: 1 | AS75: 男 | AT75: 54 | AU75: 意図的にAIの能力が低く設定されていると感じました。実際はもっと正確に画像を描写してくれると感じています。 | AV75: あり | AW75: あり | AX75: 人間 | AY75: 1 | BA75: TRUE | BB75: TRUE
A76: 1 | B76: 0 | C76: nszw26001_WpCWQxazcF | D76: ja | E76: 2026-01-27_20-02-35 | F76: 2026-01-27_20-21-01 | G76: iframegid:conf/iframe/chatItoI_name_js/index.html | H76: 同意する | I76: 理解しました | J76: AIとのチャットの様子を視聴する． | K76: あなた自身がユーザになったつもりでチャットの様子を視聴する | L76: チャット画面をスクロール，またはチャット画面右側に表示されるスクロールバーをドラッグすることでAIとのチャットを見返すことができる． | M76: AIへの印象の評価は，あまり深く考え込まずに自分が感じた印象で評価する． | N76: 4 | O76: 3 | P76: 7 | Q76: 1 | R76: 4 | S76: 4 | T76: 4 | U76: 1 | V76: 6 | W76: 7 | X76: 3 | Y76: 6 | Z76: 3 | AA76: 3 | AB76: 3 | AC76: 6 | AD76: 4 | AE76: 1 | AF76: 1 | AG76: 1 | AH76: 0 | AI76: 0 | AJ76: 0 | AK76: 0 | AL76: 0 | AM76: 1 | AN76: 0 | AO76: 0 | AP76: 0 | AQ76: 0 | AR76: 1 | AS76: 男 | AT76: 60 | AU76: 特にない | AV76: なし | AW76: あり | AX76: 人間 | AY76: 1 | BA76: TRUE | BB76: TRUE
A77: 0 | B77: 1 | C77: nszw26001_LUTzDfK8xS | D77: ja | E77: 2026-01-27_20-02-49 | F77: 2026-01-27_20-22-57 | G77: iframegid:conf/iframe/chatItoE_noname_js/index.html | H77: 同意する | I77: 理解しました | J77: AIとのチャットの様子を視聴する． | K77: あなた自身がユーザになったつもりでチャットの様子を視聴する | L77: チャット画面をスクロール，またはチャット画面右側に表示されるスクロールバーをドラッグすることでAIとのチャットを見返すことができる． | M77: AIへの印象の評価は，あまり深く考え込まずに自分が感じた印象で評価する． | N77: 6 | O77: 5 | P77: 5 | Q77: 3 | R77: 6 | S77: 6 | T77: 7 | U77: 6 | V77: 5 | W77: 6 | X77: 4 | Y77: 6 | Z77: 3 | AA77: 4 | AB77: 5 | AC77: 6 | AD77: 6 | AE77: 5 | AF77: 3 | AG77: 0 | AH77: 0 | AI77: 0 | AJ77: 1 | AK77: 1 | AL77: 0 | AM77: 0 | AN77: 1 | AO77: 0 | AP77: 0 | AQ77: 0 | AR77: 1 | AS77: 男 | AT77: 71歳以上 | AU77: すいません記憶が少しありませんでした | AV77: あり | AW77: なし | AX77: 人間 | AY77: 1 | BA77: TRUE | BB77: TRUE
A78: 1 | B78: 0 | C78: nszw26001_kh8FKkED8a | D78: ja | E78: 2026-01-27_20-23-05 | F78: 2026-01-27_20-27-58 | G78: iframegid:conf/iframe/chatItoI_name_js/index.html | H78: 同意する | I78: 理解しました | J78: AIとのチャットの様子を視聴する． | K78: あなた自身がユーザになったつもりでチャットの様子を視聴する | L78: チャット画面をスクロール，またはチャット画面右側に表示されるスクロールバーをドラッグすることでAIとのチャットを見返すことができる． | M78: AIへの印象の評価は，あまり深く考え込まずに自分が感じた印象で評価する． | N78: 1 | O78: 1 | P78: 0 | Q78: 0 | R78: 1 | S78: 0 | T78: 1 | U78: 0 | V78: 2 | W78: 1 | X78: 0 | Y78: 0 | Z78: 1 | AA78: 1 | AB78: 1 | AC78: 0 | AD78: 1 | AE78: 0 | AF78: 2 | AG78: 1 | AH78: 0 | AI78: 0 | AJ78: 0 | AK78: 0 | AL78: 0 | AM78: 1 | AN78: 0 | AO78: 0 | AP78: 0 | AQ78: 0 | AR78: 1 | AS78: 男 | AT78: 30 | AU78: 今後のAIが進化を遂げるのか | AV78: なし | AW78: あり | AX78: 人間 | AY78: 1 | BA78: TRUE | BB78: TRUE
A79: 0 | B79: 1 | C79: nszw26001_FbzlHqnjmo | D79: ja | E79: 2026-01-27_20-21-08 | F79: 2026-01-27_20-34-44 | G79: iframegid:conf/iframe/chatItoE_noname_js/index.html | H79: 同意する | I79: 理解しました | J79: AIとのチャットの様子を視聴する． | K79: あなた自身がユーザになったつもりでチャットの様子を視聴する | L79: チャット画面をスクロール，またはチャット画面右側に表示されるスクロールバーをドラッグすることでAIとのチャットを見返すことができる． | M79: AIへの印象の評価は，あまり深く考え込まずに自分が感じた印象で評価する． | N79: 4 | O79: 6 | P79: 8 | Q79: 3 | R79: 4 | S79: 3 | T79: 3 | U79: 2 | V79: 3 | W79: 3 | X79: 2 | Y79: 3 | Z79: 2 | AA79: 4 | AB79: 2 | AC79: 2 | AD79: 3 | AE79: 2 | AF79: 1 | AG79: 0 | AH79: 0 | AI79: 1 | AJ79: 0 | AK79: 0 | AL79: 0 | AM79: 0 | AN79: 1 | AO79: 0 | AP79: 0 | AQ79: 0 | AR79: 1 | AS79: 男 | AT79: 65 | AU79: AIがこちらの要求と異なる結果を提示するケースにおいて抱く意識を改めて再認識するよい機会となりました。 | AV79: あり | AW79: なし | AX79: 人間 | AY79: 1 | BA79: TRUE | BB79: TRUE
A80: 0 | B80: 0 | C80: nszw26001_20hbyFXOff | D80: ja | E80: 2026-01-27_20-37-11 | F80: 2026-01-27_20-44-05 | G80: iframegid:conf/iframe/chatItoI_noname_js/index.html | H80: 同意する | I80: 理解しました | J80: AIとのチャットの様子を視聴する． | K80: あなた自身がユーザになったつもりでチャットの様子を視聴する | L80: チャット画面をスクロール，またはチャット画面右側に表示されるスクロールバーをドラッグすることでAIとのチャットを見返すことができる． | M80: AIへの印象の評価は，あまり深く考え込まずに自分が感じた印象で評価する． | N80: 8 | O80: 8 | P80: 2 | Q80: 0 | R80: 6 | S80: 6 | T80: 7 | U80: 1 | V80: 9 | W80: 8 | X80: 2 | Y80: 7 | Z80: 8 | AA80: 1 | AB80: 2 | AC80: 8 | AD80: 7 | AE80: 1 | AF80: 3 | AG80: 1 | AH80: 0 | AI80: 0 | AJ80: 0 | AK80: 0 | AL80: 0 | AM80: 1 | AN80: 0 | AO80: 0 | AP80: 0 | AQ80: 0 | AR80: 1 | AS80: 男 | AT80: 54 | AU80: こんなAIは困ります | AV80: なし | AW80: なし | AX80: 人間 | AY80: 1 | BA80: TRUE | BB80: TRUE
A81: 1 | B81: 0 | C81: nszw26001_L8BHidL09f | D81: ja | E81: 2026-01-27_23-01-37 | F81: 2026-01-27_23-04-12 | G81: iframegid:conf/iframe/chatItoI_name_js/index.html | H81: 同意する | I81: 理解しました | J81: AIとのチャットの様子を視聴する． | K81: あなた自身がユーザになったつもりでチャットの様子を視聴する | L81: チャット画面をスクロール，またはチャット画面右側に表示されるスクロールバーをドラッグすることでAIとのチャットを見返すことができる． | M81: AIへの印象の評価は，あまり深く考え込まずに自分が感じた印象で評価する． | N81: 5 | O81: 5 | P81: 5 | Q81: 5 | R81: 5 | S81: 5 | T81: 5 | U81: 5 | V81: 5 | W81: 5 | X81: 5 | Y81: 5 | Z81: 5 | AA81: 5 | AB81: 5 | AC81: 5 | AD81: 5 | AE81: 5 | AF81: 5 | AG81: 1 | AH81: 0 | AI81: 0 | AJ81: 0 | AK81: 0 | AL81: 0 | AM81: 1 | AN81: 0 | AO81: 0 | AP81: 0 | AQ81: 0 | AR81: 1 | AS81: 女 | AT81: 34 | AV81: なし | AW81: あり | AX81: 人間 | AY81: 1 | BA81: TRUE | BB81: TRUE
A82: 0 | B82: 0 | C82: nszw26001_E5W5ZyWZiT | D82: ja | E82: 2026-01-27_23-02-16 | F82: 2026-01-27_23-05-25 | G82: iframegid:conf/iframe/chatItoI_noname_js/index.html | H82: 同意する | I82: 理解しました | J82: AIとのチャットの様子を視聴する． | K82: あなた自身がユーザになったつもりでチャットの様子を視聴する | L82: チャット画面をスクロール，またはチャット画面右側に表示されるスクロールバーをドラッグすることでAIとのチャットを見返すことができる． | M82: AIへの印象の評価は，あまり深く考え込まずに自分が感じた印象で評価する． | N82: 8 | O82: 7 | P82: 7 | Q82: 8 | R82: 6 | S82: 7 | T82: 7 | U82: 8 | V82: 8 | W82: 8 | X82: 8 | Y82: 8 | Z82: 7 | AA82: 8 | AB82: 8 | AC82: 8 | AD82: 7 | AE82: 7 | AF82: 8 | AG82: 0 | AH82: 1 | AI82: 0 | AJ82: 0 | AK82: 1 | AL82: 0 | AM82: 0 | AN82: 0 | AO82: 0 | AP82: 0 | AQ82: 0 | AR82: 1 | AS82: 女 | AT82: 36 | AV82: なし | AW82: なし | AX82: 人間 | AY82: 1 | BA82: TRUE | BB82: TRUE
A83: 0 | B83: 0 | C83: nszw26001_hBd7eUTPoZ | D83: ja | E83: 2026-01-27_23-01-09 | F83: 2026-01-27_23-06-35 | G83: iframegid:conf/iframe/chatItoI_noname_js/index.html | H83: 同意する | I83: 理解しました | J83: AIとのチャットの様子を視聴する． | K83: あなた自身がユーザになったつもりでチャットの様子を視聴する | L83: チャット画面をスクロール，またはチャット画面右側に表示されるスクロールバーをドラッグすることでAIとのチャットを見返すことができる． | M83: AIへの印象の評価は，あまり深く考え込まずに自分が感じた印象で評価する． | N83: 7 | O83: 7 | P83: 5 | Q83: 4 | R83: 6 | S83: 6 | T83: 0 | U83: 2 | V83: 6 | W83: 7 | X83: 0 | Y83: 3 | Z83: 5 | AA83: 2 | AB83: 0 | AC83: 6 | AD83: 7 | AE83: 0 | AF83: 0 | AG83: 1 | AH83: 0 | AI83: 0 | AJ83: 0 | AK83: 0 | AL83: 0 | AM83: 0 | AN83: 1 | AO83: 0 | AP83: 0 | AQ83: 0 | AR83: 1 | AS83: 女 | AT83: 66 | AU83: 特にありません | AV83: なし | AW83: なし | AX83: 人間 | AY83: 1 | BA83: TRUE | BB83: TRUE
A84: 1 | B84: 0 | C84: nszw26001_KWPfKUYno8 | D84: ja | E84: 2026-01-27_23-02-40 | F84: 2026-01-27_23-06-46 | G84: iframegid:conf/iframe/chatItoI_name_js/index.html | H84: 同意する | I84: 理解しました | J84: AIとのチャットの様子を視聴する． | K84: あなた自身がユーザになったつもりでチャットの様子を視聴する | L84: チャット画面をスクロール，またはチャット画面右側に表示されるスクロールバーをドラッグすることでAIとのチャットを見返すことができる． | M84: AIへの印象の評価は，あまり深く考え込まずに自分が感じた印象で評価する． | N84: 3 | O84: 3 | P84: 5 | Q84: 5 | R84: 5 | S84: 5 | T84: 5 | U84: 0 | V84: 5 | W84: 5 | X84: 5 | Y84: 7 | Z84: 5 | AA84: 7 | AB84: 5 | AC84: 5 | AD84: 5 | AE84: 3 | AF84: 0 | AG84: 1 | AH84: 0 | AI84: 0 | AJ84: 0 | AK84: 0 | AL84: 0 | AM84: 1 | AN84: 0 | AO84: 0 | AP84: 0 | AQ84: 0 | AR84: 1 | AS84: 女 | AT84: 39 | AV84: なし | AW84: あり | AX84: 人間 | AY84: 1 | BA84: TRUE | BB84: TRUE
A85: 1 | B85: 0 | C85: nszw26001_v738zI6FYG | D85: ja | E85: 2026-01-27_23-01-08 | F85: 2026-01-27_23-06-59 | G85: iframegid:conf/iframe/chatItoI_name_js/index.html | H85: 同意する | I85: 理解しました | J85: AIとのチャットの様子を視聴する． | K85: あなた自身がユーザになったつもりでチャットの様子を視聴する | L85: チャット画面をスクロール，またはチャット画面右側に表示されるスクロールバーをドラッグすることでAIとのチャットを見返すことができる． | M85: AIへの印象の評価は，あまり深く考え込まずに自分が感じた印象で評価する． | N85: 7 | O85: 7 | P85: 2 | Q85: 2 | R85: 3 | S85: 3 | T85: 2 | U85: 0 | V85: 0 | W85: 2 | X85: 0 | Y85: 0 | Z85: 0 | AA85: 0 | AB85: 0 | AC85: 0 | AD85: 0 | AE85: 0 | AF85: 0 | AG85: 1 | AH85: 0 | AI85: 0 | AJ85: 0 | AK85: 0 | AL85: 0 | AM85: 1 | AN85: 0 | AO85: 0 | AP85: 0 | AQ85: 0 | AR85: 1 | AS85: 女 | AT85: 29 | AU85: なし | AV85: なし | AW85: あり | AX85: 人間 | AY85: 1 | BA85: TRUE | BB85: TRUE
A86: 0 | B86: 1 | C86: nszw26001_nzuCSfhSmL | D86: ja | E86: 2026-01-27_23-01-10 | F86: 2026-01-27_23-07-06 | G86: iframegid:conf/iframe/chatItoE_noname_js/index.html | H86: 同意する | I86: 理解しました | J86: AIとのチャットの様子を視聴する． | K86: あなた自身がユーザになったつもりでチャットの様子を視聴する | L86: チャット画面をスクロール，またはチャット画面右側に表示されるスクロールバーをドラッグすることでAIとのチャットを見返すことができる． | M86: AIへの印象の評価は，あまり深く考え込まずに自分が感じた印象で評価する． | N86: 5 | O86: 5 | P86: 3 | Q86: 3 | R86: 3 | S86: 3 | T86: 4 | U86: 3 | V86: 5 | W86: 5 | X86: 4 | Y86: 5 | Z86: 5 | AA86: 4 | AB86: 4 | AC86: 5 | AD86: 5 | AE86: 3 | AF86: 3 | AG86: 0 | AH86: 0 | AI86: 1 | AJ86: 0 | AK86: 0 | AL86: 0 | AM86: 0 | AN86: 1 | AO86: 0 | AP86: 0 | AQ86: 0 | AR86: 1 | AS86: 女 | AT86: 55 | AU86: 分かりやすい内容だった | AV86: あり | AW86: なし | AX86: 人間 | AY86: 1 | BA86: TRUE | BB86: TRUE
A87: 1 | B87: 1 | C87: nszw26001_LFiUg1xJC7 | D87: ja | E87: 2026-01-27_23-01-29 | F87: 2026-01-27_23-07-37 | G87: iframegid:conf/iframe/chatItoE_name_js/index.html | H87: 同意する | I87: 理解しました | J87: AIとのチャットの様子を視聴する． | K87: あなた自身がユーザになったつもりでチャットの様子を視聴する | L87: チャット画面をスクロール，またはチャット画面右側に表示されるスクロールバーをドラッグすることでAIとのチャットを見返すことができる． | M87: AIへの印象の評価は，あまり深く考え込まずに自分が感じた印象で評価する． | N87: 5 | O87: 5 | P87: 3 | Q87: 3 | R87: 5 | S87: 5 | T87: 5 | U87: 3 | V87: 3 | W87: 5 | X87: 3 | Y87: 5 | Z87: 4 | AA87: 5 | AB87: 3 | AC87: 3 | AD87: 3 | AE87: 3 | AF87: 3 | AG87: 0 | AH87: 0 | AI87: 1 | AJ87: 0 | AK87: 1 | AL87: 0 | AM87: 1 | AN87: 0 | AO87: 0 | AP87: 0 | AQ87: 0 | AR87: 1 | AS87: 女 | AT87: 51 | AV87: あり | AW87: あり | AX87: 人間 | AY87: 1 | BA87: TRUE | BB87: TRUE
A88: 0 | B88: 1 | C88: nszw26001_xDjMbsG2q7 | D88: ja | E88: 2026-01-27_23-01-08 | F88: 2026-01-27_23-08-04 | G88: iframegid:conf/iframe/chatItoE_noname_js/index.html | H88: 同意する | I88: 理解しました | J88: AIとのチャットの様子を視聴する． | K88: あなた自身がユーザになったつもりでチャットの様子を視聴する | L88: チャット画面をスクロール，またはチャット画面右側に表示されるスクロールバーをドラッグすることでAIとのチャットを見返すことができる． | M88: AIへの印象の評価は，あまり深く考え込まずに自分が感じた印象で評価する． | N88: 6 | O88: 6 | P88: 6 | Q88: 0 | R88: 2 | S88: 3 | T88: 6 | U88: 0 | V88: 2 | W88: 3 | X88: 0 | Y88: 2 | Z88: 1 | AA88: 0 | AB88: 0 | AC88: 0 | AD88: 0 | AE88: 0 | AF88: 0 | AG88: 0 | AH88: 0 | AI88: 1 | AJ88: 0 | AK88: 0 | AL88: 0 | AM88: 0 | AN88: 1 | AO88: 0 | AP88: 0 | AQ88: 0 | AR88: 1 | AS88: 女 | AT88: 47 | AU88: 特になし | AV88: あり | AW88: なし | AX88: 人間 | AY88: 1 | BA88: TRUE | BB88: TRUE
A89: 0 | B89: 1 | C89: nszw26001_f0ggCDxlde | D89: ja | E89: 2026-01-27_23-00-57 | F89: 2026-01-27_23-08-07 | G89: iframegid:conf/iframe/chatItoE_noname_js/index.html | H89: 同意する | I89: 理解しました | J89: AIとのチャットの様子を視聴する． | K89: あなた自身がユーザになったつもりでチャットの様子を視聴する | L89: チャット画面をスクロール，またはチャット画面右側に表示されるスクロールバーをドラッグすることでAIとのチャットを見返すことができる． | M89: AIへの印象の評価は，あまり深く考え込まずに自分が感じた印象で評価する． | N89: 7 | O89: 7 | P89: 6 | Q89: 5 | R89: 5 | S89: 6 | T89: 6 | U89: 5 | V89: 6 | W89: 6 | X89: 5 | Y89: 7 | Z89: 5 | AA89: 6 | AB89: 5 | AC89: 5 | AD89: 5 | AE89: 4 | AF89: 4 | AG89: 0 | AH89: 0 | AI89: 1 | AJ89: 0 | AK89: 0 | AL89: 0 | AM89: 0 | AN89: 1 | AO89: 0 | AP89: 0 | AQ89: 0 | AR89: 1 | AS89: 女 | AT89: 40 | AV89: あり | AW89: なし | AX89: 人間 | AY89: 1 | BA89: TRUE | BB89: TRUE
A90: 1 | B90: 1 | C90: nszw26001_XFGAvj34Yf | D90: ja | E90: 2026-01-27_23-01-06 | F90: 2026-01-27_23-08-33 | G90: iframegid:conf/iframe/chatItoE_name_js/index.html | H90: 同意する | I90: 理解しました | J90: AIとのチャットの様子を視聴する． | K90: あなた自身がユーザになったつもりでチャットの様子を視聴する | L90: チャット画面をスクロール，またはチャット画面右側に表示されるスクロールバーをドラッグすることでAIとのチャットを見返すことができる． | M90: AIへの印象の評価は，あまり深く考え込まずに自分が感じた印象で評価する． | N90: 6 | O90: 6 | P90: 1 | Q90: 1 | R90: 1 | S90: 1 | T90: 7 | U90: 0 | V90: 3 | W90: 4 | X90: 1 | Y90: 1 | Z90: 3 | AA90: 2 | AB90: 6 | AC90: 3 | AD90: 2 | AE90: 0 | AF90: 1 | AG90: 0 | AH90: 0 | AI90: 1 | AJ90: 0 | AK90: 1 | AL90: 0 | AM90: 1 | AN90: 0 | AO90: 0 | AP90: 0 | AQ90: 0 | AR90: 1 | AS90: 女 | AT90: 44 | AU90: 画像生成は難しそう | AV90: あり | AW90: あり | AX90: 人間 | AY90: 1 | BA90: TRUE | BB90: TRUE
A91: 1 | B91: 0 | C91: nszw26001_McNHh4hm19 | D91: ja | E91: 2026-01-27_23-01-08 | F91: 2026-01-27_23-08-35 | G91: iframegid:conf/iframe/chatItoI_name_js/index.html | H91: 同意する | I91: 理解しました | J91: AIとのチャットの様子を視聴する． | K91: あなた自身がユーザになったつもりでチャットの様子を視聴する | L91: チャット画面をスクロール，またはチャット画面右側に表示されるスクロールバーをドラッグすることでAIとのチャットを見返すことができる． | M91: AIへの印象の評価は，あまり深く考え込まずに自分が感じた印象で評価する． | N91: 7 | O91: 7 | P91: 4 | Q91: 4 | R91: 5 | S91: 5 | T91: 4 | U91: 3 | V91: 6 | W91: 3 | X91: 3 | Y91: 4 | Z91: 8 | AA91: 6 | AB91: 2 | AC91: 7 | AD91: 6 | AE91: 3 | AF91: 5 | AG91: 1 | AH91: 0 | AI91: 0 | AJ91: 0 | AK91: 0 | AL91: 0 | AM91: 1 | AN91: 0 | AO91: 0 | AP91: 0 | AQ91: 0 | AR91: 1 | AS91: 女 | AT91: 49 | AU91: 指示を理解しているようにみえるのに、実際にはできていないので途中からどうしてなんだろうと心配だった。 | AV91: なし | AW91: あり | AX91: 人間 | AY91: 1 | BA91: TRUE | BB91: TRUE
A92: 1 | B92: 0 | C92: nszw26001_qY6MseUw4C | D92: ja | E92: 2026-01-27_23-04-26 | F92: 2026-01-27_23-08-38 | G92: iframegid:conf/iframe/chatItoI_name_js/index.html | H92: 同意する | I92: 理解しました | J92: AIとのチャットの様子を視聴する． | K92: あなた自身がユーザになったつもりでチャットの様子を視聴する | L92: チャット画面をスクロール，またはチャット画面右側に表示されるスクロールバーをドラッグすることでAIとのチャットを見返すことができる． | M92: AIへの印象の評価は，あまり深く考え込まずに自分が感じた印象で評価する． | N92: 4 | O92: 2 | P92: 2 | Q92: 1 | R92: 1 | S92: 2 | T92: 3 | U92: 0 | V92: 2 | W92: 3 | X92: 1 | Y92: 1 | Z92: 1 | AA92: 1 | AB92: 0 | AC92: 1 | AD92: 1 | AE92: 1 | AF92: 2 | AG92: 1 | AH92: 0 | AI92: 0 | AJ92: 0 | AK92: 0 | AL92: 0 | AM92: 1 | AN92: 0 | AO92: 0 | AP92: 0 | AQ92: 0 | AR92: 1 | AS92: 女 | AT92: 35 | AV92: なし | AW92: あり | AX92: 人間 | AY92: 1 | BA92: TRUE | BB92: TRUE
A93: 1 | B93: 0 | C93: nszw26001_F3Kj8AyRkM | D93: ja | E93: 2026-01-27_23-02-03 | F93: 2026-01-27_23-08-51 | G93: iframegid:conf/iframe/chatItoI_name_js/index.html | H93: 同意する | I93: 理解しました | J93: AIとのチャットの様子を視聴する． | K93: あなた自身がユーザになったつもりでチャットの様子を視聴する | L93: チャット画面をスクロール，またはチャット画面右側に表示されるスクロールバーをドラッグすることでAIとのチャットを見返すことができる． | M93: AIへの印象の評価は，あまり深く考え込まずに自分が感じた印象で評価する． | N93: 3 | O93: 2 | P93: 4 | Q93: 2 | R93: 3 | S93: 5 | T93: 3 | U93: 1 | V93: 6 | W93: 6 | X93: 2 | Y93: 4 | Z93: 2 | AA93: 6 | AB93: 3 | AC93: 4 | AD93: 6 | AE93: 2 | AF93: 2 | AG93: 1 | AH93: 0 | AI93: 0 | AJ93: 0 | AK93: 0 | AL93: 0 | AM93: 1 | AN93: 0 | AO93: 0 | AP93: 0 | AQ93: 0 | AR93: 1 | AS93: 女 | AT93: 71歳以上 | AU93: AIが思いがけないミスをするのは興味深いです | AV93: なし | AW93: あり | AX93: 人間 | AY93: 1 | BA93: TRUE | BB93: TRUE
A94: 0 | B94: 1 | C94: nszw26001_W4sGYjaLcp | D94: ja | E94: 2026-01-27_23-04-32 | F94: 2026-01-27_23-08-47 | G94: iframegid:conf/iframe/chatItoE_noname_js/index.html | H94: 同意する | I94: 理解しました | J94: AIとのチャットの様子を視聴する． | K94: あなた自身がユーザになったつもりでチャットの様子を視聴する | L94: チャット画面をスクロール，またはチャット画面右側に表示されるスクロールバーをドラッグすることでAIとのチャットを見返すことができる． | M94: AIへの印象の評価は，あまり深く考え込まずに自分が感じた印象で評価する． | N94: 1 | O94: 1 | P94: 0 | Q94: 0 | R94: 1 | S94: 1 | T94: 1 | U94: 0 | V94: 1 | W94: 1 | X94: 1 | Y94: 1 | Z94: 1 | AA94: 1 | AB94: 1 | AC94: 1 | AD94: 2 | AE94: 0 | AF94: 1 | AG94: 1 | AH94: 0 | AI94: 0 | AJ94: 0 | AK94: 0 | AL94: 0 | AM94: 0 | AN94: 1 | AO94: 0 | AP94: 0 | AQ94: 0 | AR94: 1 | AS94: その他 | AT94: 31 | AU94: AIは微妙 | AV94: あり | AW94: なし | AX94: 人間 | AY94: 1 | BA94: TRUE | BB94: TRUE
A95: 1 | B95: 0 | C95: nszw26001_F8NqFg4YQo | D95: ja | E95: 2026-01-27_23-03-19 | F95: 2026-01-27_23-09-07 | G95: iframegid:conf/iframe/chatItoI_name_js/index.html | H95: 同意する | I95: 理解しました | J95: AIとのチャットの様子を視聴する． | K95: あなた自身がユーザになったつもりでチャットの様子を視聴する | L95: チャット画面をスクロール，またはチャット画面右側に表示されるスクロールバーをドラッグすることでAIとのチャットを見返すことができる． | M95: AIへの印象の評価は，あまり深く考え込まずに自分が感じた印象で評価する． | N95: 7 | O95: 3 | P95: 2 | Q95: 0 | R95: 4 | S95: 4 | T95: 4 | U95: 3 | V95: 3 | W95: 3 | X95: 2 | Y95: 4 | Z95: 5 | AA95: 5 | AB95: 3 | AC95: 2 | AD95: 4 | AE95: 1 | AF95: 2 | AG95: 1 | AH95: 0 | AI95: 0 | AJ95: 0 | AK95: 0 | AL95: 0 | AM95: 1 | AN95: 0 | AO95: 0 | AP95: 0 | AQ95: 0 | AR95: 1 | AS95: 女 | AT95: 50 | AU95: AIは当てにならない | AV95: なし | AW95: あり | AX95: 人間 | AY95: 1 | BA95: TRUE | BB95: TRUE
A96: 0 | B96: 0 | C96: nszw26001_n1CbXqkmke | D96: ja | E96: 2026-01-27_23-01-05 | F96: 2026-01-27_23-09-30 | G96: iframegid:conf/iframe/chatItoI_noname_js/index.html | H96: 同意する | I96: 理解しました | J96: AIとのチャットの様子を視聴する． | K96: あなた自身がユーザになったつもりでチャットの様子を視聴する | L96: チャット画面をスクロール，またはチャット画面右側に表示されるスクロールバーをドラッグすることでAIとのチャットを見返すことができる． | M96: AIへの印象の評価は，あまり深く考え込まずに自分が感じた印象で評価する． | N96: 6 | O96: 6 | P96: 5 | Q96: 3 | R96: 5 | S96: 4 | T96: 3 | U96: 3 | V96: 5 | W96: 6 | X96: 5 | Y96: 6 | Z96: 6 | AA96: 5 | AB96: 3 | AC96: 5 | AD96: 6 | AE96: 4 | AF96: 2 | AG96: 1 | AH96: 0 | AI96: 0 | AJ96: 0 | AK96: 0 | AL96: 0 | AM96: 0 | AN96: 1 | AO96: 0 | AP96: 0 | AQ96: 0 | AR96: 1 | AS96: 女 | AT96: 56 | AU96: お疲れ様です | AV96: なし | AW96: なし | AX96: 人間 | AY96: 1 | BA96: TRUE | BB96: TRUE
A97: 0 | B97: 0 | C97: nszw26001_8HqKo3RRfp | D97: ja | E97: 2026-01-27_23-01-18 | F97: 2026-01-27_23-09-39 | G97: iframegid:conf/iframe/chatItoI_noname_js/index.html | H97: 同意する | I97: 理解しました | J97: AIとのチャットの様子を視聴する． | K97: あなた自身がユーザになったつもりでチャットの様子を視聴する | L97: チャット画面をスクロール，またはチャット画面右側に表示されるスクロールバーをドラッグすることでAIとのチャットを見返すことができる． | M97: AIへの印象の評価は，あまり深く考え込まずに自分が感じた印象で評価する． | N97: 3 | O97: 1 | P97: 1 | Q97: 1 | R97: 2 | S97: 2 | T97: 5 | U97: 1 | V97: 1 | W97: 5 | X97: 1 | Y97: 1 | Z97: 1 | AA97: 5 | AB97: 2 | AC97: 2 | AD97: 2 | AE97: 0 | AF97: 1 | AG97: 1 | AH97: 0 | AI97: 0 | AJ97: 0 | AK97: 0 | AL97: 0 | AM97: 0 | AN97: 1 | AO97: 0 | AP97: 0 | AQ97: 0 | AR97: 1 | AS97: 女 | AT97: 51 | AU97: たまに企業に問合せをする際、AIのチャットでやりとりを即されるが、その時の素っ頓狂な回答に延々付き合わされるイライラを思い出しました | AV97: なし | AW97: なし | AX97: 人間 | AY97: 1 | BA97: TRUE | BB97: TRUE
A98: 1 | B98: 0 | C98: nszw26001_TTTw7o3mRJ | D98: ja | E98: 2026-01-27_23-01-02 | F98: 2026-01-27_23-09-51 | G98: iframegid:conf/iframe/chatItoI_name_js/index.html | H98: 同意する | I98: 理解しました | J98: AIとのチャットの様子を視聴する． | K98: あなた自身がユーザになったつもりでチャットの様子を視聴する | L98: チャット画面をスクロール，またはチャット画面右側に表示されるスクロールバーをドラッグすることでAIとのチャットを見返すことができる． | M98: AIへの印象の評価は，あまり深く考え込まずに自分が感じた印象で評価する． | N98: 3 | O98: 3 | P98: 2 | Q98: 2 | R98: 4 | S98: 4 | T98: 5 | U98: 5 | V98: 4 | W98: 3 | X98: 5 | Y98: 5 | Z98: 4 | AA98: 4 | AB98: 3 | AC98: 3 | AD98: 3 | AE98: 4 | AF98: 3 | AG98: 1 | AH98: 0 | AI98: 0 | AJ98: 0 | AK98: 0 | AL98: 0 | AM98: 1 | AN98: 0 | AO98: 0 | AP98: 0 | AQ98: 0 | AR98: 1 | AS98: 女 | AT98: 54 | AU98: 難しい | AV98: なし | AW98: あり | AX98: 人間 | AY98: 1 | BA98: TRUE | BB98: TRUE
A99: 0 | B99: 1 | C99: nszw26001_e6wlvPylbg | D99: ja | E99: 2026-01-27_23-01-30 | F99: 2026-01-27_23-10-04 | G99: iframegid:conf/iframe/chatItoE_noname_js/index.html | H99: 同意する | I99: 理解しました | J99: AIとのチャットの様子を視聴する． | K99: あなた自身がユーザになったつもりでチャットの様子を視聴する | L99: チャット画面をスクロール，またはチャット画面右側に表示されるスクロールバーをドラッグすることでAIとのチャットを見返すことができる． | M99: AIへの印象の評価は，あまり深く考え込まずに自分が感じた印象で評価する． | N99: 3 | O99: 5 | P99: 3 | Q99: 1 | R99: 3 | S99: 4 | T99: 4 | U99: 1 | V99: 2 | W99: 2 | X99: 2 | Y99: 2 | Z99: 3 | AA99: 3 | AB99: 3 | AC99: 3 | AD99: 3 | AE99: 2 | AF99: 2 | AG99: 0 | AH99: 0 | AI99: 1 | AJ99: 0 | AK99: 0 | AL99: 0 | AM99: 0 | AN99: 1 | AO99: 0 | AP99: 0 | AQ99: 0 | AR99: 1 | AS99: 女 | AT99: 27 | AU99: わかりづらい | AV99: あり | AW99: なし | AX99: 人間 | AY99: 1 | BA99: TRUE | BB99: TRUE
A100: 1 | B100: 1 | C100: nszw26001_4STxkOcLo6 | D100: ja | E100: 2026-01-27_23-07-46 | F100: 2026-01-27_23-10-27 | G100: iframegid:conf/iframe/chatItoE_name_js/index.html | H100: 同意する | I100: 理解しました | J100: AIとのチャットの様子を視聴する． | K100: あなた自身がユーザになったつもりでチャットの様子を視聴する | L100: チャット画面をスクロール，またはチャット画面右側に表示されるスクロールバーをドラッグすることでAIとのチャットを見返すことができる． | M100: AIへの印象の評価は，あまり深く考え込まずに自分が感じた印象で評価する． | N100: 4 | O100: 4 | P100: 2 | Q100: 0 | R100: 3 | S100: 1 | T100: 8 | U100: 1 | V100: 2 | W100: 2 | X100: 2 | Y100: 2 | Z100: 3 | AA100: 4 | AB100: 4 | AC100: 3 | AD100: 4 | AE100: 2 | AF100: 4 | AG100: 0 | AH100: 0 | AI100: 1 | AJ100: 0 | AK100: 1 | AL100: 0 | AM100: 1 | AN100: 0 | AO100: 0 | AP100: 0 | AQ100: 0 | AR100: 1 | AS100: 女 | AT100: 26 | AV100: あり | AW100: あり | AX100: 人間 | AY100: 1 | BA100: TRUE | BB100: TRUE
...

Sheet Sheet2
A1: 質問 | B1: 人間：PersonaSwitch=あり,HasName=あり | C1: 人間：PersonaSwitch=あり,HasName=なし | D1: 人間：PersonaSwitch=なし,HasName=なし | E1: 人間：PersonaSwitch=なし,HasName=あり
A2: =result!H1 -> Q1 | B2: =AVERAGEIFS(result_h!N$2:'result_h'!N$162,result_h!$AV$2:'result_h'!$AV$162,"あり",result_h!$AW$2:'result_h'!$AW$162,"あり") -> 5.09375 | C2: =AVERAGEIFS(result_h!N$2:'result_h'!N$162,result_h!$AV$2:'result_h'!$AV$162,"あり",result_h!$AW$2:'result_h'!$AW$162,"なし") -> 4.8333333 | D2: =AVERAGEIFS(result_h!N$2:'result_h'!N$162,result_h!$AV$2:'result_h'!$AV$162,"なし",result_h!$AW$2:'result_h'!$AW$162,"なし") -> 4.6578947 | E2: =AVERAGEIFS(result_h!N$2:'result_h'!N$162,result_h!$AV$2:'result_h'!$AV$162,"なし",result_h!$AW$2:'result_h'!$AW$162,"あり") -> 4.3061224
A3: =result!I1 -> Q2 | B3: =AVERAGEIFS(result_h!O$2:'result_h'!O$162,result_h!$AV$2:'result_h'!$AV$162,"あり",result_h!$AW$2:'result_h'!$AW$162,"あり") -> 4.84375 | C3: =AVERAGEIFS(result_h!O$2:'result_h'!O$162,result_h!$AV$2:'result_h'!$AV$162,"あり",result_h!$AW$2:'result_h'!$AW$162,"なし") -> 4.6904762 | D3: =AVERAGEIFS(result_h!O$2:'result_h'!O$162,result_h!$AV$2:'result_h'!$AV$162,"なし",result_h!$AW$2:'result_h'!$AW$162,"なし") -> 4.7894737 | E3: =AVERAGEIFS(result_h!O$2:'result_h'!O$162,result_h!$AV$2:'result_h'!$AV$162,"なし",result_h!$AW$2:'result_h'!$AW$162,"あり") -> 4.1020408
A4: =result!J1 -> Q3 | B4: =AVERAGEIFS(result_h!P$2:'result_h'!P$162,result_h!$AV$2:'result_h'!$AV$162,"あり",result_h!$AW$2:'result_h'!$AW$162,"あり") -> 3.65625 | C4: =AVERAGEIFS(result_h!P$2:'result_h'!P$162,result_h!$AV$2:'result_h'!$AV$162,"あり",result_h!$AW$2:'result_h'!$AW$162,"なし") -> 3.5952381 | D4: =AVERAGEIFS(result_h!P$2:'result_h'!P$162,result_h!$AV$2:'result_h'!$AV$162,"なし",result_h!$AW$2:'result_h'!$AW$162,"なし") -> 4.0526316 | E4: =AVERAGEIFS(result_h!P$2:'result_h'!P$162,result_h!$AV$2:'result_h'!$AV$162,"なし",result_h!$AW$2:'result_h'!$AW$162,"あり") -> 3.1428571
A5: =result!K1 -> Q4 | B5: =AVERAGEIFS(result_h!Q$2:'result_h'!Q$162,result_h!$AV$2:'result_h'!$AV$162,"あり",result_h!$AW$2:'result_h'!$AW$162,"あり") -> 2.21875 | C5: =AVERAGEIFS(result_h!Q$2:'result_h'!Q$162,result_h!$AV$2:'result_h'!$AV$162,"あり",result_h!$AW$2:'result_h'!$AW$162,"なし") -> 2.2142857 | D5: =AVERAGEIFS(result_h!Q$2:'result_h'!Q$162,result_h!$AV$2:'result_h'!$AV$162,"なし",result_h!$AW$2:'result_h'!$AW$162,"なし") -> 2.3684211 | E5: =AVERAGEIFS(result_h!Q$2:'result_h'!Q$162,result_h!$AV$2:'result_h'!$AV$162,"なし",result_h!$AW$2:'result_h'!$AW$162,"あり") -> 1.7755102
A6: =result!L1 -> Q5 | B6: =AVERAGEIFS(result_h!R$2:'result_h'!R$162,result_h!$AV$2:'result_h'!$AV$162,"あり",result_h!$AW$2:'result_h'!$AW$162,"あり") -> 3.53125 | C6: =AVERAGEIFS(result_h!R$2:'result_h'!R$162,result_h!$AV$2:'result_h'!$AV$162,"あり",result_h!$AW$2:'result_h'!$AW$162,"なし") -> 3.4285714 | D6: =AVERAGEIFS(result_h!R$2:'result_h'!R$162,result_h!$AV$2:'result_h'!$AV$162,"なし",result_h!$AW$2:'result_h'!$AW$162,"なし") -> 3.8421053 | E6: =AVERAGEIFS(result_h!R$2:'result_h'!R$162,result_h!$AV$2:'result_h'!$AV$162,"なし",result_h!$AW$2:'result_h'!$AW$162,"あり") -> 3.1020408
A7: =result!M1 -> Q6 | B7: =AVERAGEIFS(result_h!S$2:'result_h'!S$162,result_h!$AV$2:'result_h'!$AV$162,"あり",result_h!$AW$2:'result_h'!$AW$162,"あり") -> 3.6875 | C7: =AVERAGEIFS(result_h!S$2:'result_h'!S$162,result_h!$AV$2:'result_h'!$AV$162,"あり",result_h!$AW$2:'result_h'!$AW$162,"なし") -> 3.7857143 | D7: =AVERAGEIFS(result_h!S$2:'result_h'!S$162,result_h!$AV$2:'result_h'!$AV$162,"なし",result_h!$AW$2:'result_h'!$AW$162,"なし") -> 4.0789474 | E7: =AVERAGEIFS(result_h!S$2:'result_h'!S$162,result_h!$AV$2:'result_h'!$AV$162,"なし",result_h!$AW$2:'result_h'!$AW$162,"あり") -> 3.3265306
A8: =result!N1 -> Q7 | B8: =AVERAGEIFS(result_h!T$2:'result_h'!T$162,result_h!$AV$2:'result_h'!$AV$162,"あり",result_h!$AW$2:'result_h'!$AW$162,"あり") -> 5.59375 | C8: =AVERAGEIFS(result_h!T$2:'result_h'!T$162,result_h!$AV$2:'result_h'!$AV$162,"あり",result_h!$AW$2:'result_h'!$AW$162,"なし") -> 4.8095238 | D8: =AVERAGEIFS(result_h!T$2:'result_h'!T$162,result_h!$AV$2:'result_h'!$AV$162,"なし",result_h!$AW$2:'result_h'!$AW$162,"なし") -> 4.6052632 | E8: =AVERAGEIFS(result_h!T$2:'result_h'!T$162,result_h!$AV$2:'result_h'!$AV$162,"なし",result_h!$AW$2:'result_h'!$AW$162,"あり") -> 3.9387755
A9: =result!O1 -> Q8 | B9: =AVERAGEIFS(result_h!U$2:'result_h'!U$162,result_h!$AV$2:'result_h'!$AV$162,"あり",result_h!$AW$2:'result_h'!$AW$162,"あり") -> 2.25 | C9: =AVERAGEIFS(result_h!U$2:'result_h'!U$162,result_h!$AV$2:'result_h'!$AV$162,"あり",result_h!$AW$2:'result_h'!$AW$162,"なし") -> 2.0238095 | D9: =AVERAGEIFS(result_h!U$2:'result_h'!U$162,result_h!$AV$2:'result_h'!$AV$162,"なし",result_h!$AW$2:'result_h'!$AW$162,"なし") -> 2.6578947 | E9: =AVERAGEIFS(result_h!U$2:'result_h'!U$162,result_h!$AV$2:'result_h'!$AV$162,"なし",result_h!$AW$2:'result_h'!$AW$162,"あり") -> 1.7755102
A10: =result!P1 -> Q10 | B10: =AVERAGEIFS(result_h!V$2:'result_h'!V$162,result_h!$AV$2:'result_h'!$AV$162,"あり",result_h!$AW$2:'result_h'!$AW$162,"あり") -> 3.75 | C10: =AVERAGEIFS(result_h!V$2:'result_h'!V$162,result_h!$AV$2:'result_h'!$AV$162,"あり",result_h!$AW$2:'result_h'!$AW$162,"なし") -> 3.3333333 | D10: =AVERAGEIFS(result_h!V$2:'result_h'!V$162,result_h!$AV$2:'result_h'!$AV$162,"なし",result_h!$AW$2:'result_h'!$AW$162,"なし") -> 4.8157895 | E10: =AVERAGEIFS(result_h!V$2:'result_h'!V$162,result_h!$AV$2:'result_h'!$AV$162,"なし",result_h!$AW$2:'result_h'!$AW$162,"あり") -> 3.4489796
A11: =result!Q1 -> Q11 | B11: =AVERAGEIFS(result_h!W$2:'result_h'!W$162,result_h!$AV$2:'result_h'!$AV$162,"あり",result_h!$AW$2:'result_h'!$AW$162,"あり") -> 4.9375 | C11: =AVERAGEIFS(result_h!W$2:'result_h'!W$162,result_h!$AV$2:'result_h'!$AV$162,"あり",result_h!$AW$2:'result_h'!$AW$162,"なし") -> 4.7619048 | D11: =AVERAGEIFS(result_h!W$2:'result_h'!W$162,result_h!$AV$2:'result_h'!$AV$162,"なし",result_h!$AW$2:'result_h'!$AW$162,"なし") -> 5.7631579 | E11: =AVERAGEIFS(result_h!W$2:'result_h'!W$162,result_h!$AV$2:'result_h'!$AV$162,"なし",result_h!$AW$2:'result_h'!$AW$162,"あり") -> 4.2244898
A12: =result!R1 -> Q12 | B12: =AVERAGEIFS(result_h!X$2:'result_h'!X$162,result_h!$AV$2:'result_h'!$AV$162,"あり",result_h!$AW$2:'result_h'!$AW$162,"あり") -> 2.78125 | C12: =AVERAGEIFS(result_h!X$2:'result_h'!X$162,result_h!$AV$2:'result_h'!$AV$162,"あり",result_h!$AW$2:'result_h'!$AW$162,"なし") -> 2.7142857 | D12: =AVERAGEIFS(result_h!X$2:'result_h'!X$162,result_h!$AV$2:'result_h'!$AV$162,"なし",result_h!$AW$2:'result_h'!$AW$162,"なし") -> 3.6052632 | E12: =AVERAGEIFS(result_h!X$2:'result_h'!X$162,result_h!$AV$2:'result_h'!$AV$162,"なし",result_h!$AW$2:'result_h'!$AW$162,"あり") -> 2.2244898
A13: =result!S1 -> Q13 | B13: =AVERAGEIFS(result_h!Y$2:'result_h'!Y$162,result_h!$AV$2:'result_h'!$AV$162,"あり",result_h!$AW$2:'result_h'!$AW$162,"あり") -> 3.59375 | C13: =AVERAGEIFS(result_h!Y$2:'result_h'!Y$162,result_h!$AV$2:'result_h'!$AV$162,"あり",result_h!$AW$2:'result_h'!$AW$162,"なし") -> 3.3333333 | D13: =AVERAGEIFS(result_h!Y$2:'result_h'!Y$162,result_h!$AV$2:'result_h'!$AV$162,"なし",result_h!$AW$2:'result_h'!$AW$162,"なし") -> 4.2368421 | E13: =AVERAGEIFS(result_h!Y$2:'result_h'!Y$162,result_h!$AV$2:'result_h'!$AV$162,"なし",result_h!$AW$2:'result_h'!$AW$162,"あり") -> 3
A14: =result!T1 -> Q14 | B14: =AVERAGEIFS(result_h!Z$2:'result_h'!Z$162,result_h!$AV$2:'result_h'!$AV$162,"あり",result_h!$AW$2:'result_h'!$AW$162,"あり") -> 3.375 | C14: =AVERAGEIFS(result_h!Z$2:'result_h'!Z$162,result_h!$AV$2:'result_h'!$AV$162,"あり",result_h!$AW$2:'result_h'!$AW$162,"なし") -> 3.5714286 | D14: =AVERAGEIFS(result_h!Z$2:'result_h'!Z$162,result_h!$AV$2:'result_h'!$AV$162,"なし",result_h!$AW$2:'result_h'!$AW$162,"なし") -> 4.4210526 | E14: =AVERAGEIFS(result_h!Z$2:'result_h'!Z$162,result_h!$AV$2:'result_h'!$AV$162,"なし",result_h!$AW$2:'result_h'!$AW$162,"あり") -> 3.4285714
A15: =result!U1 -> Q15 | B15: =AVERAGEIFS(result_h!AA$2:'result_h'!AA$162,result_h!$AV$2:'result_h'!$AV$162,"あり",result_h!$AW$2:'result_h'!$AW$162,"あり") -> 3.4375 | C15: =AVERAGEIFS(result_h!AA$2:'result_h'!AA$162,result_h!$AV$2:'result_h'!$AV$162,"あり",result_h!$AW$2:'result_h'!$AW$162,"なし") -> 3.547619 | D15: =AVERAGEIFS(result_h!AA$2:'result_h'!AA$162,result_h!$AV$2:'result_h'!$AV$162,"なし",result_h!$AW$2:'result_h'!$AW$162,"なし") -> 3.9736842 | E15: =AVERAGEIFS(result_h!AA$2:'result_h'!AA$162,result_h!$AV$2:'result_h'!$AV$162,"なし",result_h!$AW$2:'result_h'!$AW$162,"あり") -> 3.244898
A16: =result!V1 -> Q16 | B16: =AVERAGEIFS(result_h!AB$2:'result_h'!AB$162,result_h!$AV$2:'result_h'!$AV$162,"あり",result_h!$AW$2:'result_h'!$AW$162,"あり") -> 3.625 | C16: =AVERAGEIFS(result_h!AB$2:'result_h'!AB$162,result_h!$AV$2:'result_h'!$AV$162,"あり",result_h!$AW$2:'result_h'!$AW$162,"なし") -> 3.452381 | D16: =AVERAGEIFS(result_h!AB$2:'result_h'!AB$162,result_h!$AV$2:'result_h'!$AV$162,"なし",result_h!$AW$2:'result_h'!$AW$162,"なし") -> 3.8947368 | E16: =AVERAGEIFS(result_h!AB$2:'result_h'!AB$162,result_h!$AV$2:'result_h'!$AV$162,"なし",result_h!$AW$2:'result_h'!$AW$162,"あり") -> 2.6530612
A17: =result!W1 -> Q17 | B17: =AVERAGEIFS(result_h!AC$2:'result_h'!AC$162,result_h!$AV$2:'result_h'!$AV$162,"あり",result_h!$AW$2:'result_h'!$AW$162,"あり") -> 3.53125 | C17: =AVERAGEIFS(result_h!AC$2:'result_h'!AC$162,result_h!$AV$2:'result_h'!$AV$162,"あり",result_h!$AW$2:'result_h'!$AW$162,"なし") -> 3.4285714 | D17: =AVERAGEIFS(result_h!AC$2:'result_h'!AC$162,result_h!$AV$2:'result_h'!$AV$162,"なし",result_h!$AW$2:'result_h'!$AW$162,"なし") -> 4.3421053 | E17: =AVERAGEIFS(result_h!AC$2:'result_h'!AC$162,result_h!$AV$2:'result_h'!$AV$162,"なし",result_h!$AW$2:'result_h'!$AW$162,"あり") -> 3.0816327
A18: =result!X1 -> Q18 | B18: =AVERAGEIFS(result_h!AD$2:'result_h'!AD$162,result_h!$AV$2:'result_h'!$AV$162,"あり",result_h!$AW$2:'result_h'!$AW$162,"あり") -> 4.375 | C18: =AVERAGEIFS(result_h!AD$2:'result_h'!AD$162,result_h!$AV$2:'result_h'!$AV$162,"あり",result_h!$AW$2:'result_h'!$AW$162,"なし") -> 4.2142857 | D18: =AVERAGEIFS(result_h!AD$2:'result_h'!AD$162,result_h!$AV$2:'result_h'!$AV$162,"なし",result_h!$AW$2:'result_h'!$AW$162,"なし") -> 5.0789474 | E18: =AVERAGEIFS(result_h!AD$2:'result_h'!AD$162,result_h!$AV$2:'result_h'!$AV$162,"なし",result_h!$AW$2:'result_h'!$AW$162,"あり") -> 3.8571429
A19: =result!Y1 -> Q19 | B19: =AVERAGEIFS(result_h!AE$2:'result_h'!AE$162,result_h!$AV$2:'result_h'!$AV$162,"あり",result_h!$AW$2:'result_h'!$AW$162,"あり") -> 2.65625 | C19: =AVERAGEIFS(result_h!AE$2:'result_h'!AE$162,result_h!$AV$2:'result_h'!$AV$162,"あり",result_h!$AW$2:'result_h'!$AW$162,"なし") -> 2.1904762 | D19: =AVERAGEIFS(result_h!AE$2:'result_h'!AE$162,result_h!$AV$2:'result_h'!$AV$162,"なし",result_h!$AW$2:'result_h'!$AW$162,"なし") -> 3.0526316 | E19: =AVERAGEIFS(result_h!AE$2:'result_h'!AE$162,result_h!$AV$2:'result_h'!$AV$162,"なし",result_h!$AW$2:'result_h'!$AW$162,"あり") -> 1.8163265
A20: =result!Z1 -> Q20 | B20: =AVERAGEIFS(result_h!AF$2:'result_h'!AF$162,result_h!$AV$2:'result_h'!$AV$162,"あり",result_h!$AW$2:'result_h'!$AW$162,"あり") -> 3.0625 | C20: =AVERAGEIFS(result_h!AF$2:'result_h'!AF$162,result_h!$AV$2:'result_h'!$AV$162,"あり",result_h!$AW$2:'result_h'!$AW$162,"なし") -> 2.7619048 | D20: =AVERAGEIFS(result_h!AF$2:'result_h'!AF$162,result_h!$AV$2:'result_h'!$AV$162,"なし",result_h!$AW$2:'result_h'!$AW$162,"なし") -> 3.4736842 | E20: =AVERAGEIFS(result_h!AF$2:'result_h'!AF$162,result_h!$AV$2:'result_h'!$AV$162,"なし",result_h!$AW$2:'result_h'!$AW$162,"あり") -> 2.0408163
A22: LLM
A23: 質問 | B23: LLM:PersonaSwitch=あり,HasName=あり | C23: LLM:PersonaSwitch=あり,HasName=なし | D23: LLM:PersonaSwitch=なし,HasName=なし | E23: LLM:PersonaSwitch=なし,HasName=あり
A24: Q1 | B24: 3.2857143 | C24: 3.4 | D24: 2.9714286 | E24: 3.2982456
A25: Q2 | B25: 2.2571429 | C25: 2.4 | D25: 1.9714286 | E25: 2.1754386
A26: Q3 | B26: 1.0857143 | C26: 1.0285714 | D26: 0.91428571 | E26: 0.92982456
A27: Q4 | B27: 0.14285714 | C27: 0.25714286 | D27: 0.057142857 | E27: 0.087719298
A28: Q5 | B28: 2.6571429 | C28: 2.5428571 | D28: 2.3714286 | E28: 2.3684211
A29: Q6 | B29: 1.5142857 | C29: 1.6285714 | D29: 1.4 | E29: 1.5789474
A30: Q7 | B30: 4.8 | C30: 2.9142857 | D30: 2.4285714 | E30: 2.9824561
A31: Q8 | B31: 0.74285714 | C31: 0.71428571 | D31: 0.57142857 | E31: 0.49122807
A32: Q10 | B32: 1.4285714 | C32: 1.2285714 | D32: 1.0857143 | E32: 1.0701754
A33: Q11 | B33: 3.3714286 | C33: 3.4285714 | D33: 3.3428571 | E33: 3.3684211
A34: Q12 | B34: 0.17142857 | C34: 0.25714286 | D34: 0.085714286 | E34: 0.087719298
A35: Q13 | B35: 0.94285714 | C35: 0.82857143 | D35: 0.82857143 | E35: 0.71929825
... A42: Q20 | B42: 1.7428571 | C42: 1.4 | D42: 1.2857143 | E42: 1.6140351
